oid,mjd,mag,magerr,catflags,filtercode,ra,dec
1712213300006284,58439.5540394,20.5630474,0.165215671,0,zr,173.8207885,39.2042045
1712213300006284,58481.4627199,20.5971375,0.166924655,0,zr,173.8207472,39.204319
1712213300006284,58493.4460648,20.6469536,0.169421971,0,zr,173.8208455,39.204167
1712213300006284,58540.2536921,20.7154083,0.172853768,0,zr,173.8207502,39.204198
1712213300006284,58582.2016435,21.2615395,0.200232446,0,zr,173.8206833,39.204267
1712213300006284,58597.2404745,20.839304,0.179064929,0,zr,173.8207746,39.2042187
1712213300006284,58602.2603819,20.8991909,0.182067215,65535,zr,173.8211205,39.2039298
