oid,mjd,mag,magerr,catflags,filtercode,ra,dec
1716206300015485,58493.4983102,21.32864,0.196002126,0,zr,205.3733008,35.2137289
1716206300015485,58582.2486921,21.2073402,0.188981175,0,zr,205.3733542,35.2137409
1716206300015485,58606.2500463,21.1841164,0.187636971,0,zr,205.3733996,35.2136762
