oid,mjd,mag,magerr,catflags,filtercode,ra,dec
1621109100021449,58235.2266782,19.2120743,0.079374373,0,zg,188.2071832,24.343027
1621109100021449,58482.5030208,19.385458,0.0896718204,0,zg,188.2071608,24.343024
1621109100021449,58492.5377083,19.3210049,0.0857350081,0,zg,188.2071692,24.3430207
1621109100021449,58493.5559722,19.3707218,0.088760756,0,zg,188.2071387,24.3430077
1621109100021449,58506.5158681,19.3482265,0.0873824582,0,zg,188.2068108,24.3428235
1621109100021449,58522.4668171,19.2704296,0.0827349648,0,zg,188.2070628,24.3431946
1621109100021449,58540.4102778,19.3767433,0.0891323164,0,zg,188.2072183,24.3430365
1621109100021449,58580.2427431,19.3109474,0.0851320475,0,zg,188.207148,24.3429808
1621109100021449,58585.2266204,19.296629,0.0842790902,0,zg,188.2071655,24.3430096
