oid,mjd,mag,magerr,catflags,filtercode,ra,dec
1757115200006753,58482.5380787,21.1156292,0.167290449,0,zg,208.7795397,47.748343
1757115200006753,58995.1621991,20.9621086,0.159309626,0,zg,208.7796898,47.7483432
