oid,mjd,mag,magerr,catflags,filtercode,ra,dec
1577109100005034,58236.3307755,19.2551212,0.0847715139,0,zg,230.757859,16.6123732
1577109100005034,58944.4357407,19.4695301,0.0986269191,0,zg,230.7578297,16.6126555
1577109100005034,58944.4370949,19.5198097,0.102039523,0,zg,230.757732,16.6126285
1577109100005034,58963.3327199,19.6437607,0.110635385,0,zg,230.7578008,16.6125612
1577109100005034,58963.3331713,19.6359406,0.11008738,0,zg,230.7577971,16.6125486
1578112200014814,58567.4240509,19.8578644,0.0902520493,0,zg,230.7577389,16.6126481
1578112200014814,58568.4167824,19.7481422,0.0843407959,32768,zg,230.7578268,16.612529
1578112200014814,58618.3329051,19.9148617,0.0933486447,0,zg,230.7577842,16.6125732
1578112200014814,59009.2659144,19.6837807,0.0809339955,0,zg,230.7578209,16.6125679
