oid,mjd,mag,magerr,catflags,filtercode,ra,dec
450303400013290,58337.4750463,20.3110924,0.183899209,0,zi,25.4082912,1.1689046
450303400013290,58370.3184606,20.205307,0.1793942,0,zi,25.4083204,1.1686758
450303400013290,58382.280787,20.248558,0.181486934,0,zi,25.408328,1.1689058
450303400013290,58397.3231134,20.292551,0.183266744,0,zi,25.4082743,1.1687282
450303400013290,58426.2949074,20.1037216,0.173390567,32768,zi,25.4082866,1.1688469
450303400013290,58701.4186227,20.4539127,0.185886323,0,zi,25.4082738,1.1688423
450303400013290,58757.3577431,20.4733391,0.18568784,0,zi,25.4085538,1.1689444
