oid,mjd,mag,magerr,catflags,filtercode,ra,dec
450302400015550,58390.2814468,20.0114975,0.177642018,0,zi,27.7171751,1.1121763
450302400015550,58697.443669,20.5529442,0.199397087,0,zi,27.7169144,1.112274
450302400015550,58747.3520949,20.058918,0.18121469,0,zi,27.7169967,1.1122626
450302400015550,58747.3796991,20.2711639,0.193733886,0,zi,27.7168754,1.112189
450302400015550,58751.3520023,20.3997192,0.197002873,0,zi,27.7171265,1.1123836
450302400015550,58765.3286111,20.378294,0.1967659,0,zi,27.716978,1.1122985
