oid,mjd,mag,magerr,catflags,filtercode,ra,dec
401314300010420,58337.4755324,20.2240734,0.193484038,0,zi,37.6431838,-0.3665793
401314300010420,58703.3906829,20.1314011,0.18795386,0,zi,37.6430451,-0.3664777
401314300010420,58733.4197338,20.4486923,0.19931826,0,zi,37.6431683,-0.366647
401314300010420,58746.3716204,20.1206589,0.187231705,0,zi,37.6429948,-0.3664667999999999
401314300010420,58757.3600579,20.3904953,0.199130803,0,zi,37.6431634,-0.3664408
401314300010420,58765.3360648,20.6086674,0.205336452,0,zi,37.6432079,-0.3665841
401314300010420,59200.2826042,20.4353523,0.199374601,0,zi,37.6431843,-0.3665758
