oid,mjd,mag,magerr,catflags,filtercode,ra,dec
402304100009453,59182.2901042,18.8470497,0.0756855756,0,zi,41.610382,-4.8097069
402304100009453,59184.3297338,18.8300667,0.0747541711,0,zi,41.6103708,-4.8098258
402304100009453,59187.2697454,18.968996,0.082684353,0,zi,41.6103417,-4.8097841
402304100009453,59190.2572106,19.1350021,0.093088612,32768,zi,41.6104538,-4.8098467
402304100009453,59200.2830671,18.9588547,0.0820814744,0,zi,41.6103906,-4.809812
402304100009453,59203.253044,18.9164448,0.0796012878,0,zi,41.6103794,-4.8098193
402304100009453,59211.1896065,18.8879814,0.0779738277,0,zi,41.6103368,-4.8098457
402304100009453,59217.208287,18.9195328,0.0797796994,0,zi,41.6104371,-4.8098077
