oid,mjd,mag,magerr,catflags,filtercode,ra,dec
402307400022515,59182.2901042,19.9001598,0.144749284,0,zi,43.8062531,-4.0872377
402307400022515,59200.2830671,20.2231998,0.165537164,0,zi,43.8064989,-4.0872098
402307400022515,59217.208287,19.923048,0.146454096,0,zi,43.8066136,-4.0873843
