oid,mjd,mag,magerr,catflags,filtercode,ra,dec
402310200004580,59184.3297338,19.5670471,0.118807122,0,zi,44.4874128,-1.3564387
402310200004580,59200.2830671,20.2330837,0.165646523,0,zi,44.48751,-1.3562437
402310200004580,59203.253044,19.7979794,0.136458606,0,zi,44.4874614,-1.356514
402310200004580,59217.208287,20.0924187,0.157631159,0,zi,44.4872841,-1.3563712
