oid,mjd,mag,magerr,catflags,filtercode,ra,dec
351314300001399,59182.2905787,17.9265423,0.0383501276,0,zi,47.9771611,-7.1283168
351314300001399,59184.3301968,17.829073,0.0357013419,0,zi,47.9771691,-7.1282878
351314300001399,59187.2754861,17.7298908,0.033233881,0,zi,47.9771176,-7.128315
351314300001399,59190.2534144,17.8379555,0.0359332971,32768,zi,47.9771731,-7.128241
351314300001399,59200.2840046,17.9004707,0.0376189798,0,zi,47.9771776,-7.1283111
351314300001399,59203.2521065,17.8456078,0.0361346118,0,zi,47.9771399,-7.1282911
351314300001399,59211.2073611,17.8367996,0.0359029956,0,zi,47.9771346,-7.128318
351314300001399,59217.3059491,17.9336281,0.0385517627,0,zi,47.9771264,-7.1282922
