oid,mjd,mag,magerr,catflags,filtercode,ra,dec
707311400005329,59184.4164236,20.2287598,0.152932242,0,zi,114.5660303,40.7951699
707311400005329,59188.4669444,20.1537628,0.147343576,0,zi,114.565794,40.795037
707311400005329,59199.4711343,19.6957169,0.112084448,0,zi,114.565886,40.7952346
707311400005329,59205.3463194,20.4721184,0.168592393,0,zi,114.5656757,40.7951204
