oid,mjd,mag,magerr,catflags,filtercode,ra,dec
707306200003214,59140.4909144,19.8849792,0.141240835,0,zi,115.6976381,39.9935356
707306200003214,59177.4477315,20.1261368,0.161613405,0,zi,115.6976445,39.9933431
707306200003214,59182.3297106,20.3555698,0.178119212,0,zi,115.6976135,39.9935802
707306200003214,59184.4164236,19.9876308,0.150060579,0,zi,115.6977209,39.9935633
707306200003214,59188.4669444,20.0988808,0.159395605,0,zi,115.6976054,39.9935599
707306200003214,59205.3463194,20.0792637,0.157779008,0,zi,115.6977276,39.9935779
