oid,mjd,mag,magerr,catflags,filtercode,ra,dec
566310200004167,59184.4037847,20.3039093,0.146496564,0,zi,117.2155658,20.4223509
566310200004167,59199.4409606,20.2614307,0.143678695,0,zi,117.2157321,20.4224701
566310200004167,59202.4205093,19.9657497,0.122578248,0,zi,117.215818,20.4223676
566310200004167,59205.3416088,20.2428131,0.142415762,0,zi,117.2156825,20.4225194
