oid,mjd,mag,magerr,catflags,filtercode,ra,dec
515305400003439,59199.4404977,20.0951233,0.140284806,0,zi,117.5768462,10.5546872
515305400003439,59202.4200463,20.3048458,0.152321532,0,zi,117.576949,10.5546931
515305400003439,59205.3401852,20.3986263,0.156200379,0,zi,117.5767799,10.5546343
