oid,mjd,mag,magerr,catflags,filtercode,ra,dec
616304100008562,58936.2498843,18.1541862,0.0404075943,0,zi,118.5328811,23.2846176
616304100008562,59180.4128588,18.0030861,0.036573343,0,zi,118.5329078,23.2845685
616304100008562,59190.3901505,17.9888992,0.0362380929,0,zi,118.5328778,23.2845881
616304100008562,59199.4687616,17.9884224,0.0362268984,0,zi,118.5328534,23.2846046
616304100008562,59202.4209838,18.0412521,0.0374958068,0,zi,118.5329123,23.2846124
616304100008562,59205.3425579,18.027792,0.0371670425,0,zi,118.5328766,23.284594
616304100008562,59210.4466319,18.1718979,0.0408899821,0,zi,118.5328591,23.2845426
616304100008562,59217.2984722,17.8021545,0.0321877524,32768,zi,118.5330492,23.2844565
