oid,mjd,mag,magerr,catflags,filtercode,ra,dec
567312200011212,58936.2489699,19.9756203,0.130254582,16,zi,120.584266,20.7166197
567312200011212,59181.4408102,19.7719173,0.115548834,0,zi,120.5842768,20.7167165
567312200011212,59184.4033218,19.7101746,0.111139625,0,zi,120.5842954,20.7166955
567312200011212,59190.390625,19.6679363,0.108157843,0,zi,120.5843521,20.7165895
567312200011212,59202.4293056,19.8788414,0.12326993,0,zi,120.5841007,20.716577
567312200011212,59205.3542014,19.7134933,0.111375205,0,zi,120.5841745,20.7166922
567312200011212,59210.4452083,19.8156242,0.11869669,0,zi,120.5843271,20.7166722
