oid,mjd,mag,magerr,catflags,filtercode,ra,dec
748314300000882,59140.4970486,20.5498047,0.182693601,0,zi,120.8091712,50.523152
748314300000882,59205.3458449,20.4833679,0.179048508,0,zi,120.8090647,50.5228934
