oid,mjd,mag,magerr,catflags,filtercode,ra,dec
616310200012430,58936.2498843,19.1485806,0.0771971717,0,zi,121.6083939,27.8733187
616310200012430,59190.3901505,19.4705601,0.0972330347,0,zi,121.6084184,27.8732946
616310200012430,59199.4687616,19.4461403,0.0955826417,0,zi,121.6082623,27.8733167
616310200012430,59202.4209838,19.4812813,0.0979640707,0,zi,121.6083802,27.8732769
616310200012430,59205.3425579,19.3921814,0.0920101628,0,zi,121.6083852,27.8733248
616310200012430,59210.4466319,19.2448425,0.0827904865,0,zi,121.6084116,27.8733546
