oid,mjd,mag,magerr,catflags,filtercode,ra,dec
616302100006763,58936.2498843,18.8376236,0.0635758787,0,zi,122.3483264,23.3115153
616302100006763,59180.4128588,18.6072197,0.0536453724,0,zi,122.3483183,23.3115093
616302100006763,59190.3901505,18.8717766,0.0651950538,0,zi,122.3483567,23.3114817
616302100006763,59199.4687616,18.8120804,0.0623904057,0,zi,122.3483572,23.3115505
616302100006763,59202.4209838,18.7381382,0.059079662,0,zi,122.3483028,23.311514
616302100006763,59205.3425579,18.801403,0.0619012564,0,zi,122.3483339,23.311477
616302100006763,59210.4466319,18.9427872,0.0686880425,0,zi,122.3483735,23.3115129
