oid,mjd,mag,magerr,catflags,filtercode,ra,dec
784308100020954,58915.2686921,20.1060143,0.14824225,0,zi,122.3146847,54.5006326
784308100020954,59140.4979861,20.1455345,0.151467666,0,zi,122.3148256,54.5007231
784308100020954,59190.3983912,20.3128853,0.164531052,0,zi,122.3146867,54.5008432
784308100020954,59199.4735417,20.0316849,0.142113969,0,zi,122.315166,54.5008961
784308100020954,59205.4067477,19.9704208,0.137042582,0,zi,122.3147747,54.5007586
