oid,mjd,mag,magerr,catflags,filtercode,ra,dec
616314400004217,58936.2498843,19.3330326,0.0974873379,0,zi,122.6943335,28.5114382
616314400004217,59199.4687616,19.3589478,0.0992532372,0,zi,122.6942873,28.511413
616314400004217,59202.4209838,19.3714752,0.100114346,0,zi,122.6943035,28.5114187
616314400004217,59205.3425579,19.299202,0.09521465,0,zi,122.6942986,28.511447
616314400004217,59210.4466319,19.2243233,0.090319708,0,zi,122.6942819,28.5113955
