oid,mjd,mag,magerr,catflags,filtercode,ra,dec
567311200007963,58936.2489699,19.0083656,0.0658998638,0,zi,122.5524242,20.6129069
567311200007963,59181.4408102,19.2598991,0.0790996924,0,zi,122.5524228,20.6129121
567311200007963,59199.4668056,19.1984043,0.0756750926,0,zi,122.5523397,20.6128741
567311200007963,59202.4293056,19.3524437,0.0844938383,0,zi,122.5524319,20.6128818
567311200007963,59205.3542014,19.3013763,0.0814816952,32768,zi,122.5524143,20.6129293
567311200007963,59210.4452083,19.2366943,0.0777923614,0,zi,122.5525008,20.6129257
