oid,mjd,mag,magerr,catflags,filtercode,ra,dec
748301200012756,59177.4194444,20.2575569,0.164181411,0,zi,123.1475534,45.6231843
748301200012756,59182.3516088,20.3396301,0.169233948,0,zi,123.1477443,45.623355
748301200012756,59184.4091898,20.5415382,0.179384351,0,zi,123.1477991,45.6231903
748301200012756,59202.4561458,19.862175,0.134292692,0,zi,123.1476557,45.6230832
748301200012756,59205.3458449,20.1789932,0.15878278,0,zi,123.1477175,45.6231636
