oid,mjd,mag,magerr,catflags,filtercode,ra,dec
464314200006179,59180.4109838,18.818819,0.0732445121,0,zi,124.2304564,7.7199041
464314200006179,59184.4047222,18.7625408,0.0702174008,0,zi,124.2306119,7.7198924
464314200006179,59188.4626736,18.933815,0.0797953308,0,zi,124.2306474,7.7199213
464314200006179,59199.4658565,18.9459057,0.0805128142,0,zi,124.2305187,7.7199134
464314200006179,59202.4297917,18.7289371,0.0684653223,0,zi,124.2306229,7.7199048
464314200006179,59206.4630671,18.7461472,0.0693574995,32768,zi,124.2306703,7.7198683
