oid,mjd,mag,magerr,catflags,filtercode,ra,dec
616313400009989,59190.3901505,19.8475037,0.151291847,0,zi,124.870776,28.278037
616313400009989,59205.3425579,20.0851173,0.16861698,0,zi,124.8708415,28.2778561
617316300004900,59164.4998958,20.0556679,0.156180769,0,zi,124.8707342,28.2779515
617316300004900,59179.3868403,19.5296822,0.11562781,0,zi,124.8709443,28.2777849
617316300004900,59184.4028472,19.5277061,0.115476817,0,zi,124.8707956,28.2779048
617316300004900,59190.3896759,19.8715878,0.142409563,0,zi,124.8706913,28.2779825
617316300004900,59202.4761458,19.8486156,0.140615746,0,zi,124.8705041,28.2779099
617316300004900,59217.3018519,19.7038612,0.129198879,0,zi,124.8708484,28.2779243
