oid,mjd,mag,magerr,catflags,filtercode,ra,dec
709308400023072,58257.1715625,19.1963215,0.0778349116,0,zi,129.0808541,38.8581068
709308400023072,59184.4014352,19.3791275,0.0889377892,0,zi,129.0808432,38.8581441
709308400023072,59190.3887384,19.1800957,0.0769094825,0,zi,129.0807896,38.8581389
709308400023072,59199.4459722,19.1497879,0.0752069578,0,zi,129.0807644,38.8581015
709308400023072,59202.4268287,19.0878639,0.071833618,0,zi,129.0808295,38.8581103
709308400023072,59205.3449074,19.2920361,0.0834932998,0,zi,129.0808009,38.858127
