oid,mjd,mag,magerr,catflags,filtercode,ra,dec
749306200010080,58912.3126852,20.1800613,0.176614642,0,zi,129.2945888,47.2334617
749306200010080,59140.4989236,20.0409431,0.16477187,0,zi,129.29439,47.2334883
749306200010080,59179.3854167,20.2626801,0.182993799,0,zi,129.2945044,47.2331865
749306200010080,59190.3878009,20.0047722,0.161551625,0,zi,129.2945286,47.2334538
749306200010080,59199.4730671,19.8718815,0.149503291,0,zi,129.2945336,47.2334595
749306200010080,59205.3453819,20.3323212,0.187796086,0,zi,129.2944072,47.2334577
