oid,mjd,mag,magerr,catflags,filtercode,ra,dec
517310300021236,59166.5142708,19.5308743,0.100734495,0,zi,129.4267826,11.9199773
517310300021236,59184.3976389,19.6157513,0.106691837,0,zi,129.4266996,11.9199574
517310300021236,59189.4231944,19.494339,0.0982298106,0,zi,129.4267338,11.9199662
517310300021236,59199.4653935,19.5139523,0.0995697156,0,zi,129.4268288,11.9200685
517310300021236,59202.4752199,19.4809818,0.0973237082,0,zi,129.4267229,11.9199409
517310300021236,59204.490625,19.5773144,0.103971206,0,zi,129.4267303,11.9199807
517310300021236,59210.4447338,19.432909,0.094107002,0,zi,129.4268148,11.919943
