oid,mjd,mag,magerr,catflags,filtercode,ra,dec
568311200001430,59166.5161343,20.0984383,0.142846018,0,zi,129.6547417,20.5725687
568311200001430,59176.4774769,20.2139759,0.151461527,0,zi,129.6547661,20.5725433
568311200001430,59199.464919,19.9855347,0.13410455,0,zi,129.6547579,20.57263
568311200001430,59202.4756829,20.3401356,0.160066202,0,zi,129.6550559,20.5726239
568311200001430,59210.4442708,20.2233124,0.152133137,0,zi,129.6548244,20.572628
568311200001430,59217.3023264,19.7659035,0.117074586,0,zi,129.6547012,20.5725411
