oid,mjd,mag,magerr,catflags,filtercode,ra,dec
749306100003084,58912.3126852,19.4026489,0.115098156,0,zi,130.3783174,46.8120798
749306100003084,58915.2691319,19.6369038,0.135566562,0,zi,130.3783504,46.8120736
749306100003084,59199.4730671,19.2011757,0.0990979671,0,zi,130.378408,46.8120856
749306100003084,59202.4263542,19.2988377,0.106643267,0,zi,130.3782672,46.8121055
749306100003084,59210.4490856,19.063736,0.0891897157,0,zi,130.3781882,46.8119566
749306100003084,59215.3854167,18.6970558,0.0668814182,0,zi,130.3784203,46.811977
