oid,mjd,mag,magerr,catflags,filtercode,ra,dec
785304200009755,58912.3122222,20.4662247,0.177450508,0,zi,131.7682492,52.6425492
785304200009755,58915.2613079,20.1158752,0.162520081,0,zi,131.767842,52.6425702
785304200009755,59190.3820023,20.6028023,0.183766007,0,zi,131.7680931,52.6426181
785304200009755,59199.4454861,20.397459,0.176313639,0,zi,131.7680456,52.6425933
785304200009755,59205.4062616,20.4576797,0.177375063,0,zi,131.7681547,52.6425434
