oid,mjd,mag,magerr,catflags,filtercode,ra,dec
709310300002841,58257.1715625,19.7849121,0.12767899,32768,zi,132.6733789,40.9652014
709310300002841,59179.3858796,19.9750328,0.143027946,0,zi,132.6734635,40.9652972
709310300002841,59184.4014352,20.4084244,0.173430398,0,zi,132.6735893,40.9654432
709310300002841,59199.4459722,19.9695015,0.142582938,0,zi,132.6734187,40.9653153
709310300002841,59202.4268287,20.1137924,0.153973967,0,zi,132.6737048,40.965271
709310300002841,59205.3449074,20.4629021,0.175927654,0,zi,132.6735077,40.9653259
709310300002841,59216.4672106,20.196434,0.160140604,0,zi,132.6733373,40.9651074
