oid,mjd,mag,magerr,catflags,filtercode,ra,dec
569304300001283,59166.5180093,18.3933678,0.0531678796,0,zi,134.9325085,15.8757856
569304300001283,59175.4072801,18.5891056,0.0617089607,32768,zi,134.932555,15.8757928
569304300001283,59179.3992708,18.424511,0.0544424988,0,zi,134.9325315,15.8757752
569304300001283,59184.3981134,18.3763332,0.0524837784,0,zi,134.9325194,15.8757549
569304300001283,59190.3787153,18.3669319,0.0521100909,0,zi,134.9325263,15.875767
569304300001283,59199.4639815,18.2885857,0.0491024926,0,zi,134.9325542,15.8757741
569304300001283,59202.4283449,18.3417625,0.051123336,0,zi,134.9325163,15.8757777
569304300001283,59210.4428472,18.2616558,0.0481115766,0,zi,134.9325341,15.875744
569304300001283,59217.5032407,18.4360867,0.0549242385,0,zi,134.9325106,15.8757762
