oid,mjd,mag,magerr,catflags,filtercode,ra,dec
518307400008555,59166.5166088,19.0440006,0.0713140145,0,zi,135.2067593,10.0484878
518307400008555,59179.3983333,19.1493168,0.0770641044,0,zi,135.2068466,10.0484617
518307400008555,59190.3777778,18.9699478,0.0675049722,0,zi,135.2067676,10.0485063
518307400008555,59199.4635185,19.0431519,0.0712692589,0,zi,135.2067994,10.0485131
518307400008555,59202.4288194,19.1197739,0.0754113868,0,zi,135.2067771,10.0483897
518307400008555,59205.4001042,19.1215668,0.0755108073,32768,zi,135.2067336,10.0484806
518307400008555,59210.4433218,19.0577908,0.0720445812,32768,zi,135.2067932,10.0484389
518307400008555,59217.3027894,19.0949726,0.0740478709,0,zi,135.2067545,10.0484635
