oid,mjd,mag,magerr,catflags,filtercode,ra,dec
750304100002345,58232.298912,19.9104748,0.151896179,0,zi,135.6332422,45.4051335
750304100002345,58266.2192245,20.0139122,0.160076648,0,zi,135.6332105,45.4051867
750304100002345,58628.163831,20.4776802,0.184941679,0,zi,135.6331364,45.405257
750304100002345,58912.311331,20.5404243,0.187813282,0,zi,135.6332874,45.4051297
750304100002345,59184.4106019,20.7983513,0.204879642,0,zi,135.6332018,45.4051695
750304100002345,59190.3882755,20.2990913,0.178954914,0,zi,135.6331589,45.4049943
