oid,mjd,mag,magerr,catflags,filtercode,ra,dec
785315400007310,58912.3122222,20.3865223,0.172416672,0,zi,135.9662412,57.0407734
785315400007310,59190.3820023,20.3009663,0.169167995,0,zi,135.9660967,57.0407215
785315400007310,59205.4062616,20.6436939,0.183199644,0,zi,135.9661073,57.0406201
