oid,mjd,mag,magerr,catflags,filtercode,ra,dec
785303100009227,58257.201331,19.2675056,0.0934859216,0,zi,136.3173502,52.1113858
785303100009227,58912.3122222,19.6940594,0.124256596,0,zi,136.3173741,52.1112604
785303100009227,58915.2613079,19.5444202,0.112942412,0,zi,136.3173118,52.1113345
785303100009227,59184.4101389,19.4259014,0.104336247,0,zi,136.3174472,52.111262
785303100009227,59187.3221644,19.2873325,0.0947992206,0,zi,136.3172216,52.1112529
785303100009227,59190.3820023,19.8647308,0.137430325,0,zi,136.3171628,52.1113886
785303100009227,59199.4454861,19.4638615,0.10705144,0,zi,136.3172098,52.1112691
785303100009227,59202.4536806,19.4381275,0.105206206,0,zi,136.3171481,52.1113248
785303100009227,59205.4062616,19.6675739,0.122227058,32768,zi,136.3173538,52.1113053
