oid,mjd,mag,magerr,catflags,filtercode,ra,dec
816303200005595,58261.1845833,19.6905174,0.130101204,0,zi,136.6048888,59.5261565
816303200005595,59190.3824769,19.9694481,0.15249522,0,zi,136.6051899,59.526175
816303200005595,59202.4532176,19.9091415,0.147758529,0,zi,136.6048815,59.5261823
