oid,mjd,mag,magerr,catflags,filtercode,ra,dec
569310100007341,59166.5180093,19.3532524,0.0949444547,0,zi,139.6426793,20.2622181
569310100007341,59179.3992708,19.145834,0.0816112086,0,zi,139.6426618,20.262272
569310100007341,59184.3981134,19.3918037,0.0975935832,0,zi,139.64273,20.2622012
569310100007341,59199.4639815,19.3589802,0.0953347832,0,zi,139.6426741,20.2623387
569310100007341,59202.4283449,19.3241978,0.0929823667,0,zi,139.6425524,20.2621776
569310100007341,59210.4428472,19.2917175,0.0908247828,0,zi,139.6427311,20.2622088
569310100007341,59217.5032407,19.2915573,0.0908141807,0,zi,139.6426684,20.2622285
