oid,mjd,mag,magerr,catflags,filtercode,ra,dec
710306400004781,58261.1905093,20.230957,0.177255183,0,zi,141.8406481,39.3887923
710306400004781,58915.2700463,19.4799614,0.116523236,0,zi,141.8407826,39.3887021
710306400004781,59164.492963,19.9620304,0.157549992,0,zi,141.8406048,39.3886843
710306400004781,59179.4025579,19.957386,0.157165438,0,zi,141.8407094,39.388641
710306400004781,59181.4365625,19.8356781,0.146848172,0,zi,141.8405652,39.388813
710306400004781,59184.4086574,19.9826145,0.159243017,0,zi,141.8404568,39.3886841
710306400004781,59190.3810532,19.9649906,0.15779461,0,zi,141.8406463,39.388602
710306400004781,59202.4474537,20.050457,0.164666742,0,zi,141.8405532,39.3886933
