oid,mjd,mag,magerr,catflags,filtercode,ra,dec
467304100002396,59184.3862269,18.2636909,0.0469236709,0,zi,141.8824502,2.2651736
467304100002396,59200.4834259,18.2331848,0.0458756946,32768,zi,141.8823862,2.265232
467304100002396,59204.4886921,18.1861763,0.0443111733,0,zi,141.8824492,2.2651876
467304100002396,59215.3953588,18.1548309,0.0433010608,0,zi,141.8824186,2.2651839
