oid,mjd,mag,magerr,catflags,filtercode,ra,dec
416311100000356,59189.5236574,19.6760292,0.127408147,0,zi,141.8900133,-0.8541665
416311100000356,59204.4830671,19.5349579,0.116692878,0,zi,141.8899883,-0.8540565
