oid,mjd,mag,magerr,catflags,filtercode,ra,dec
467303400005142,59184.3862269,17.8397179,0.0338873751,0,zi,143.5260025,1.1243369
467303400005142,59200.4834259,17.9225883,0.0359452255,32768,zi,143.5258185,1.1242772
467303400005142,59204.4886921,17.8706856,0.0346391462,0,zi,143.5259775,1.1243445
467303400005142,59215.3953588,17.9371662,0.0363227054,0,zi,143.5259936,1.12437
