oid,mjd,mag,magerr,catflags,filtercode,ra,dec
619302200007127,58864.3734838,20.4338741,0.177744642,0,zi,144.5667067,23.8742828
