oid,mjd,mag,magerr,catflags,filtercode,ra,dec
751315100013387,58232.2993866,19.2419567,0.107009366,0,zi,146.3522808,51.1194618
751315100013387,58246.2849537,19.2407036,0.106913343,0,zi,146.3522884,51.119367
751315100013387,58261.268588,19.2374783,0.106666416,0,zi,146.3522535,51.1194158
751315100013387,58266.2196991,19.4102154,0.120376155,65535,zi,146.3522356,51.1195236
751315100013387,58557.349919,18.9547806,0.0865506157,0,zi,146.3525421,51.1194408
751315100013387,58567.3518866,19.1987934,0.103733227,0,zi,146.3522413,51.1194005
