oid,mjd,mag,magerr,catflags,filtercode,ra,dec
570310400001121,58543.3333218,19.0722542,0.073988609,0,zi,146.3579093,19.7110756
570310400001121,58558.2597685,19.1501045,0.0784988329,0,zi,146.3578645,19.7110829
570310400001121,58864.3743866,19.1250305,0.0770205557,0,zi,146.3578639,19.7111782
570310400001121,59179.3997338,19.0486488,0.0726672336,0,zi,146.3578191,19.7111436
570310400001121,59204.4901157,19.1795082,0.0802636445,0,zi,146.3579143,19.7111836
570310400001121,59210.4414236,19.0429134,0.0723494142,0,zi,146.3579457,19.7111122
