oid,mjd,mag,magerr,catflags,filtercode,ra,dec
467305300017654,59184.3862269,18.9283886,0.0732204765,0,zi,146.8047771,2.7955082
467305300017654,59204.4886921,19.0203629,0.0784292743,0,zi,146.8047612,2.7954804
