oid,mjd,mag,magerr,catflags,filtercode,ra,dec
619309100007286,58864.3734838,18.1702156,0.0422716141,0,zi,146.8694526,27.5674588
619309100007286,59166.5208218,18.3527107,0.0486550108,0,zi,146.8694534,27.5674423
619309100007286,59184.3940278,18.3828773,0.0498077534,0,zi,146.8694493,27.5674799
619309100007286,59187.3173495,18.3179245,0.0473610908,0,zi,146.8693989,27.5675969
619309100007286,59190.3796528,18.2703629,0.0456519835,0,zi,146.8694282,27.5674851
619309100007286,59199.4794907,18.4918938,0.0542194545,0,zi,146.8694449,27.5675178
619309100007286,59202.443044,18.2860184,0.046207007,0,zi,146.8694666,27.5674323
619309100007286,59210.4418981,18.3903008,0.0500959009,0,zi,146.8694073,27.5674231
