oid,mjd,mag,magerr,catflags,filtercode,ra,dec
467305200027384,59184.3862269,18.4095192,0.0491458103,4,zi,147.042246,3.7391546
467305200027384,59200.4834259,18.3267689,0.0461570509,32768,zi,147.042219,3.7391973
467305200027384,59204.4886921,18.4524384,0.0507756025,0,zi,147.0422442,3.7392043
467305200027384,59215.3953588,18.5505753,0.0547148138,0,zi,147.0421463,3.7391741
