oid,mjd,mag,magerr,catflags,filtercode,ra,dec
520316200013969,59204.4891667,19.8560925,0.157862276,0,zi,147.1863259,14.7204048
520316200013969,59210.4409606,19.7649155,0.150858581,0,zi,147.1865229,14.7204846
