oid,mjd,mag,magerr,catflags,filtercode,ra,dec
786315100012529,58257.174537,19.4057598,0.110750444,0,zi,147.2371279,58.1458442
786315100012529,58261.1979398,19.5205231,0.119416595,0,zi,147.2373946,58.1457145
786315100012529,59184.4110764,19.9324379,0.151268482,0,zi,147.2373712,58.1457563
786315100012529,59190.3829398,19.6896496,0.132582277,0,zi,147.2373444,58.1457642
786315100012529,59200.4926273,19.2556877,0.0999451727,32768,zi,147.2371538,58.145892
