oid,mjd,mag,magerr,catflags,filtercode,ra,dec
520308400017027,58257.1845023,19.2796173,0.0885694996,0,zi,147.8263413,10.5585639
520308400017027,58558.2616204,18.9084148,0.0676941425,0,zi,147.8263259,10.5584209
520308400017027,59179.4002083,19.112175,0.0785477012,0,zi,147.8263821,10.5584315
520308400017027,59204.4891667,19.28265,0.0887601227,0,zi,147.8264216,10.5584434
520308400017027,59210.4409606,19.1518021,0.0808295608,0,zi,147.8265053,10.5585003
