oid,mjd,mag,magerr,catflags,filtercode,ra,dec
570301300004863,58543.3333218,18.9763794,0.0843377411,0,zi,147.8468036,16.0131663
570301300004863,58558.2597685,19.0496521,0.0890298039,0,zi,147.8467723,16.0130951
570301300004863,58864.3743866,19.1397209,0.0950769633,0,zi,147.8467461,16.0131132
570301300004863,59179.3997338,18.7813396,0.0728530064,0,zi,147.8467554,16.0130764
570301300004863,59204.4901157,19.0367775,0.088190496,0,zi,147.8467543,16.0131699
570301300004863,59210.4414236,19.1041203,0.0926502943,0,zi,147.8468111,16.0130359
