oid,mjd,mag,magerr,catflags,filtercode,ra,dec
620312200010570,58543.332419,19.3027134,0.092047669,0,zi,147.9187836,27.8744975
620312200010570,58585.2484375,19.2410889,0.0880770981,0,zi,147.9189191,27.8744877
620312200010570,58864.3721181,19.1625423,0.0832016021,0,zi,147.9189257,27.874494
620312200010570,59184.3985995,19.0526695,0.0767404661,0,zi,147.918844,27.874475
620312200010570,59199.4790162,19.1357803,0.0815889314,0,zi,147.9188931,27.8745278
620312200010570,59202.4435185,19.1488743,0.082374841,0,zi,147.9188466,27.8745111
