oid,mjd,mag,magerr,catflags,filtercode,ra,dec
468304200003994,58257.1849537,18.0044708,0.0422305465,0,zi,147.9494501,2.0432936
468304200003994,59186.415463,17.8217678,0.0370604731,0,zi,147.9496608,2.0430737
468304200003994,59200.484838,18.0907269,0.0449623689,32768,zi,147.9494929,2.0432359
468304200003994,59204.4896296,18.1538277,0.0470877811,0,zi,147.9494784,2.0432302
468304200003994,59210.4404861,18.0495205,0.0436328389,0,zi,147.9494034,2.0432323
