oid,mjd,mag,magerr,catflags,filtercode,ra,dec
620308400020448,58543.332419,19.0917072,0.0757624432,0,zi,148.1413925,24.7279399
620308400020448,58585.2484375,18.9829388,0.0699029714,0,zi,148.1414197,24.7278706
620308400020448,58864.3721181,19.041132,0.0729854107,0,zi,148.1413904,24.7278568
620308400020448,59184.3985995,18.9806023,0.0697817132,0,zi,148.1412844,24.727912
620308400020448,59199.4790162,18.9032192,0.0658741966,0,zi,148.1413929,24.7278426
620308400020448,59202.4435185,18.8951111,0.0654768199,0,zi,148.1414115,24.7278896
620308400020448,59205.4029398,19.0682106,0.0744609237,32768,zi,148.1412755,24.7278761
