oid,mjd,mag,magerr,catflags,filtercode,ra,dec
417311200005214,59202.4741667,19.9953499,0.142364636,0,zi,148.5400376,-1.3749738
