oid,mjd,mag,magerr,catflags,filtercode,ra,dec
751302200021795,58581.2900116,20.3919315,0.178725377,0,zi,148.8917055,45.1742826
751302200021795,58607.2606597,20.3119888,0.176102906,0,zi,148.8915444,45.1742091
751302200021795,58912.3095023,20.2530651,0.173397765,0,zi,148.8917564,45.1741864
751302200021795,59184.3959722,20.2341576,0.172412783,0,zi,148.8918835,45.1741709
751302200021795,59199.4769329,19.8746891,0.147089183,0,zi,148.8917725,45.1741641
