oid,mjd,mag,magerr,catflags,filtercode,ra,dec
786314400004000,58261.1979398,19.803936,0.141723663,0,zi,149.5205524,57.3380634
786314400004000,58912.3081481,20.1390419,0.164973557,0,zi,149.5208131,57.3381171
