oid,mjd,mag,magerr,catflags,filtercode,ra,dec
786306100000284,58912.3081481,19.7461605,0.135132372,0,zi,150.6711779,54.7859473
786306100000284,59184.4110764,19.6794224,0.129607618,0,zi,150.6713598,54.7858247
786306100000284,59187.3192477,19.3779106,0.105657846,0,zi,150.6714744,54.7860235
786306100000284,59190.3829398,19.6102829,0.123935327,0,zi,150.671147,54.7858531
786306100000284,59203.267662,19.6237526,0.125034586,0,zi,150.6714176,54.7860958
786306100000284,59216.4698032,19.7309933,0.133874446,0,zi,150.6714825,54.7858681
