oid,mjd,mag,magerr,catflags,filtercode,ra,dec
786314100002564,58257.1779051,20.0874119,0.174477369,0,zi,150.7868117,58.3380569
786314100002564,58261.1841204,19.6512642,0.142617166,0,zi,150.7870403,58.3382247
786314100002564,58261.1979398,19.9596367,0.166599751,0,zi,150.7869908,58.338312
786314100002564,58912.3081481,19.7614746,0.151636481,0,zi,150.787246,58.3382215
786314100002564,59190.3829398,19.6734924,0.144454688,0,zi,150.7868852,58.3382213
786314100002564,59203.267662,19.8442345,0.158161134,0,zi,150.7865159,58.3382205
786314100002564,59216.4698032,19.6819897,0.145155326,0,zi,150.7873314,58.3380593
