oid,mjd,mag,magerr,catflags,filtercode,ra,dec
711301300010226,58223.2368981,20.0811729,0.176736474,0,zi,151.5957953,37.2152563
711301300010226,58567.3528241,19.8863525,0.160439864,0,zi,151.595874,37.215231
711301300010226,58581.2909606,20.0691299,0.175794974,0,zi,151.5958084,37.215289
711301300010226,58585.2456597,19.8114414,0.153804615,0,zi,151.5958432,37.2152252
711301300010226,58607.2597106,19.9553642,0.166424125,0,zi,151.5958202,37.2152473
711301300010226,58616.2074769,19.8022766,0.152987078,0,zi,151.5956608,37.2152832
