oid,mjd,mag,magerr,catflags,filtercode,ra,dec
620302100003718,58543.332419,19.4379215,0.105312243,0,zi,152.7005034,23.4174774
620302100003718,58585.2484375,19.3804893,0.101199791,0,zi,152.7004156,23.4175583
620302100003718,58864.3721181,19.5500355,0.11360728,0,zi,152.7004369,23.4175445
620302100003718,59184.3985995,19.5714378,0.115225971,0,zi,152.7004149,23.4175013
620302100003718,59199.4790162,19.6668224,0.122548237,0,zi,152.7005321,23.4174373
620302100003718,59202.4435185,19.5074997,0.110421717,0,zi,152.7004965,23.417518
