oid,mjd,mag,magerr,catflags,filtercode,ra,dec
520301300001770,58257.1845023,18.7944393,0.0722983032,0,zi,152.7939046,8.5582589
520301300001770,59200.484375,19.3281345,0.105849728,32768,zi,152.7937932,8.5583299
520301300001770,59204.4891667,19.3161736,0.104992539,0,zi,152.793911,8.558229199999998
520301300001770,59210.4409606,19.3558502,0.107851736,0,zi,152.7938664,8.5581211
