oid,mjd,mag,magerr,catflags,filtercode,ra,dec
469312300012080,58257.1854167,19.3105202,0.0929611623,0,zi,155.0425121,4.7240343
469312300012080,59199.4819792,18.8897152,0.0685058609,0,zi,155.0425953,4.7240188
469312300012080,59202.4416204,18.8877068,0.0684036389,0,zi,155.0427147,4.72404
469312300012080,59206.4779167,18.9834995,0.0734325945,32768,zi,155.042511,4.7241862
