oid,mjd,mag,magerr,catflags,filtercode,ra,dec
752303300010538,58257.1750116,20.5042915,0.194954872,0,zi,155.5507595,44.5933035
752303300010538,58261.267662,19.8118134,0.154616669,0,zi,155.5510358,44.5932952
752303300010538,58266.2201736,20.2310486,0.187025577,0,zi,155.5509139,44.5933271
752303300010538,58547.4326968,20.173727,0.183512032,0,zi,155.5510347,44.5932858
752303300010538,58585.2437847,20.4221783,0.194419771,0,zi,155.5510221,44.5932661
752303300010538,58607.2615741,20.3994198,0.193978876,0,zi,155.5511307,44.593264
752303300010538,58912.3072338,20.4997139,0.194767296,0,zi,155.5510911,44.593254
752303300010538,58971.3261921,19.9978008,0.170461446,0,zi,155.5509531,44.5932003
752303300010538,59202.4483912,20.2270203,0.186794132,0,zi,155.5512571,44.593354
