oid,mjd,mag,magerr,catflags,filtercode,ra,dec
571309100000033,58257.1835648,19.0049686,0.0909259617,0,zi,155.897326,20.7334071
571309100000033,58558.2620718,19.0200844,0.0919582844,0,zi,155.8973057,20.7335085
571309100000033,59179.4006713,19.1236992,0.099279359,0,zi,155.8973885,20.7334109
571309100000033,59202.442581,19.1705475,0.102726571,0,zi,155.8975258,20.7333943
572312200000097,58257.1840278,19.0363636,0.0818073526,0,zi,155.8973159,20.7335365
572312200000097,58558.265706,19.0934925,0.0852344111,0,zi,155.8974655,20.7334523
572312200000097,58893.3525579,19.063755,0.0834359005,0,zi,155.8973834,20.7334293
572312200000097,59199.4833796,19.2709618,0.0966150016,0,zi,155.8974037,20.7334894
572312200000097,59202.4722569,19.1087818,0.0861713439,0,zi,155.8973623,20.7334524
