oid,mjd,mag,magerr,catflags,filtercode,ra,dec
418311100008434,58257.1868519,19.7496986,0.126089409,0,zi,156.0350407,-0.9724061
