oid,mjd,mag,magerr,catflags,filtercode,ra,dec
469307300000699,58257.1854167,18.3925152,0.0489802286,0,zi,156.3944098,3.5115106
469307300000699,59199.4819792,18.4495659,0.051159136,0,zi,156.3943737,3.5115294
469307300000699,59202.4416204,18.4104214,0.0496536084,0,zi,156.3944074,3.5115925
469307300000699,59206.4779167,18.5644493,0.0558502786,32768,zi,156.3943338,3.5114935
