oid,mjd,mag,magerr,catflags,filtercode,ra,dec
521303100004708,58257.1887153,19.160656,0.0892762393,0,zi,156.7965269,9.2655216
521303100004708,58558.2638773,18.8919945,0.0735795498,0,zi,156.7965261,9.265462
521303100004708,58855.3955671,18.980463,0.0784671754,0,zi,156.7965215,9.2654824
521303100004708,58893.3534606,18.8784466,0.0728554577,0,zi,156.7965421,9.2654598
521303100004708,59199.4824421,19.0694294,0.0836615413,0,zi,156.7965323,9.2655192
521303100004708,59202.4727315,18.8705444,0.0724360943,0,zi,156.7964914,9.2654585
521303100004708,59206.4774421,18.6731091,0.0626608878,32768,zi,156.7965237,9.2654017
