oid,mjd,mag,magerr,catflags,filtercode,ra,dec
522308100004057,58257.1858796,17.8954144,0.0338373967,0,zi,162.8566325,10.9393414
522308100004057,58558.2661574,17.9580536,0.0353597663,0,zi,162.8566145,10.9393359
522308100004057,58893.3521065,17.6558495,0.0287403129,0,zi,162.8566275,10.9393386
522308100004057,58904.3337616,17.7039833,0.0296778772,0,zi,162.8566337,10.9393401
522308100004057,59199.4838542,17.3537674,0.0237206109,0,zi,162.8566513,10.9393414
522308100004057,59202.4420833,17.31493,0.0231727641,0,zi,162.8566408,10.9393408
