oid,mjd,mag,magerr,catflags,filtercode,ra,dec
522311300002282,58257.1858796,18.8557892,0.0667272657,0,zi,163.5214722,12.3335847
522311300002282,58558.2661574,18.9921112,0.0740041286,0,zi,163.5214441,12.3335451
522311300002282,58893.3521065,18.9264488,0.070412077,0,zi,163.5214874,12.3336041
522311300002282,58904.3337616,18.9692764,0.0727364719,0,zi,163.5214816,12.3335975
522311300002282,59199.4838542,18.878067,0.0678690523,0,zi,163.5214445,12.3335707
522311300002282,59202.4420833,19.0956039,0.079999797,0,zi,163.5214304,12.3335438
