oid,mjd,mag,magerr,catflags,filtercode,ra,dec
573306400015892,58558.2679745,19.2884254,0.095265761,0,zi,167.7680821,17.1871572
573306400015892,58582.302419,19.3727398,0.101204708,0,zi,167.7680311,17.1870533
573306400015892,58855.4147685,19.7341232,0.128928691,0,zi,167.7680221,17.1870775
573306400015892,58893.3502894,19.7128735,0.127231792,0,zi,167.7679937,17.1870864
573306400015892,58904.3324074,19.7654819,0.131437257,0,zi,167.768064,17.1870586
573306400015892,59202.471794,19.9618378,0.146988362,0,zi,167.7680214,17.1870561
