oid,mjd,mag,magerr,catflags,filtercode,ra,dec
472314100006380,58257.2047454,20.1053238,0.179324225,0,zi,179.918715,7.638618
472314100006380,59189.5293634,19.884409,0.165257514,0,zi,179.9187325,7.6386617
472314100006380,59217.520625,19.6842308,0.149288371,0,zi,179.9190573,7.6384283
