oid,mjd,mag,magerr,catflags,filtercode,ra,dec
422312300008157,59188.4854051,17.4584351,0.026711449,0,zi,182.3936361,-2.3791945
422312300008157,59201.5266435,17.4063034,0.0258636344,0,zi,182.3936342,-2.3792163
422312300008157,59216.4815394,17.3585701,0.0251223054,0,zi,182.3936393,-2.3791978
