oid,mjd,mag,magerr,catflags,filtercode,ra,dec
422314200009325,59188.4854051,19.6020775,0.138737112,0,zi,185.8378546,0.9627431
422314200009325,59201.5266435,19.9453278,0.16223073,0,zi,185.8377752,0.9627224
