oid,mjd,mag,magerr,catflags,filtercode,ra,dec
422314400012823,58257.2070718,19.812851,0.142666757,0,zi,186.6612065,-0.1872731
