oid,mjd,mag,magerr,catflags,filtercode,ra,dec
525302200006861,58232.2950579,20.4822273,0.172517747,0,zi,187.4514783,8.8422324
525302200006861,58257.2056597,20.3430729,0.172498897,0,zi,187.4513155,8.8422335
525302200006861,58278.1727546,20.3705883,0.172914475,0,zi,187.4513136,8.8421949
525302200006861,58567.3354167,20.307251,0.171700984,0,zi,187.4512251,8.842281599999998
525302200006861,58581.2745718,20.6948013,0.182314515,0,zi,187.4513655,8.842212
525302200006861,58585.232037,20.3547249,0.172696799,0,zi,187.4512764,8.8423098
525302200006861,58639.1910764,20.5442944,0.17442441,0,zi,187.4513596,8.8423019
525302200006861,59188.5000116,20.1817875,0.167000219,0,zi,187.4511606,8.8425676
