oid,mjd,mag,magerr,catflags,filtercode,ra,dec
473301300011233,58257.2052083,19.5572968,0.117281795,0,zi,187.7045596,1.5990103
473301300011233,58257.2066088,19.4035511,0.106414743,0,zi,187.7046419,1.5989968
473301300011233,59189.5298264,19.2483444,0.0960031077,0,zi,187.7046131,1.5990014
473301300011233,59204.4966204,19.2553291,0.0964571089,0,zi,187.7046411,1.5990112
