oid,mjd,mag,magerr,catflags,filtercode,ra,dec
672306100000105,58581.2778356,20.9335747,0.196605206,0,zi,189.8038385,33.2438793
672306100000105,58884.4017245,20.4673347,0.16587089,0,zi,189.8038005,33.2438607
672306100000105,58894.3944676,21.1942501,0.214373469,0,zi,189.8036261,33.2439383
672306100000105,58936.3332986,21.1365509,0.210440516,0,zi,189.8038816,33.2438841
