oid,mjd,mag,magerr,catflags,filtercode,ra,dec
423311400000645,59188.4858681,19.0134792,0.0759282783,0,zi,191.4278135,-1.7533679
423311400000645,59216.4820139,19.2593136,0.0906425267,0,zi,191.4278001,-1.7534868
