oid,mjd,mag,magerr,catflags,filtercode,ra,dec
1755311100014885,58558.3074537,19.0975628,0.0734337866,0,zi,191.9027895,45.82971
1755311100014885,58596.3520255,19.185627,0.07811445,0,zi,191.9027747,45.8297008
1755311100014885,58884.3550926,18.9344101,0.0653788,0,zi,191.902836,45.829723
1755311100014885,58954.3529051,18.9980049,0.0684221387,0,zi,191.9028288,45.8296908
1755311100014885,58955.3505093,19.057806,0.0713964775,0,zi,191.9027892,45.8297412
1755311100014885,58966.2794097,19.2160645,0.0797847584,32768,zi,191.9028364,45.8297339
1755311100014885,58971.3325347,19.0825577,0.0726592615,0,zi,191.9027931,45.8296887
1755311100014885,58972.3320602,18.9619541,0.0666817278,0,zi,191.9028525,45.8296891
1755311100014885,59057.1671528,19.0224552,0.0696250424,0,zi,191.9028306,45.8297558
