oid,mjd,mag,magerr,catflags,filtercode,ra,dec
579305300007451,58232.3161343,20.0620499,0.159406662,0,zi,210.9804667,17.2713827
579305300007451,58243.3381597,19.9767036,0.152256504,0,zi,210.9804284,17.2714562
579305300007451,58267.2335532,20.3200264,0.17865175,0,zi,210.9804614,17.2713424
579305300007451,58272.3386574,19.9153519,0.147028461,0,zi,210.9805483,17.2714993
579305300007451,58280.3847222,20.4460831,0.185439765,0,zi,210.9805307,17.2713474
579305300007451,58547.4209606,20.1159134,0.163791031,0,zi,210.9805033,17.271451
579305300007451,59069.2383796,19.9862518,0.153065145,0,zi,210.9804448,17.2714234
579305300007451,59070.2377083,19.6980934,0.128537849,0,zi,210.9805067,17.2714562
579305300007451,59071.2374884,19.9113903,0.146689624,0,zi,210.980413,17.2713491
