oid,mjd,mag,magerr,catflags,filtercode,ra,dec
1575204300003439,58476.5190162,20.3431091,0.149531454,0,zr,210.0897688,11.9380785
1575204300003439,58638.2489931,20.9638939,0.186025023,0,zr,210.0898119,11.9379825
1575204300003439,58638.2494444,21.076479,0.193112493,0,zr,210.0897363,11.9380701
1575204300003439,58998.2696296,20.7240353,0.170925498,0,zr,210.0897672,11.9379954
