oid,mjd,mag,magerr,catflags,filtercode,ra,dec
1513207400007355,58493.4364352,21.1189461,0.187178016,0,zr,139.410111,6.7490033
1513207400007355,58582.2187731,20.9251995,0.174922347,0,zr,139.4100419,6.7488539
1513207400007355,58896.2871181,21.2499695,0.195466042,0,zr,139.4102486,6.7490039
1513207400007355,58899.3022801,21.2709465,0.19679296,0,zr,139.4100233,6.7488939
1513207400007355,58899.3027315,20.8153477,0.167973638,0,zr,139.4100708,6.7489375
1513207400007355,59166.5471296,20.7462406,0.163602233,0,zr,139.4100655,6.7488639
1513207400007355,59194.3496759,20.8012695,0.167083025,0,zr,139.4102699,6.7488206
1513207400007355,59204.4128009,20.9450569,0.176178455,0,zr,139.410126,6.7489803
