oid,mjd,mag,magerr,catflags,filtercode,ra,dec
1795211200009931,58580.354456,21.306406,0.209702253,0,zr,216.3973115,53.0054409
1795211200009931,58606.2654977,21.1211319,0.197041869,0,zr,216.3973755,53.005415
1795211200009931,58617.289838,20.5695744,0.159352183,0,zr,216.3971989,53.0054811
1795211200009931,58852.5692593,20.6782379,0.166777492,0,zr,216.3972619,53.0053651
1795211200009931,58852.5697106,20.8997593,0.181914806,0,zr,216.3971926,53.0053965
1795211200009931,58973.2806713,20.2326508,0.137018979,0,zr,216.3974135,53.0052542
1795211200009931,58974.2895833,20.5964108,0.16118598,0,zr,216.3969752,53.0052753
1795211200009931,58974.2900579,20.5513477,0.158106685,0,zr,216.3970021,53.0050821
