oid,mjd,mag,magerr,catflags,filtercode,ra,dec
1340214100001808,58773.3245602,20.1712914,0.145830244,0,zr,27.9368519,-9.9422629
1340214100001808,59061.4506366,20.6455383,0.166892409,0,zr,27.9368016,-9.9421276
1340214100001808,59118.3312269,20.7778893,0.174657702,0,zr,27.9367192,-9.9422253
1340214100001808,59130.3052431,20.6751919,0.168632269,0,zr,27.9366827,-9.9422454
1340214100001808,59130.305706,21.053587,0.190833449,0,zr,27.9366268,-9.942105
1340214100001808,59137.3683218,20.7407036,0.172475934,0,zr,27.9368676,-9.9422402
1340214100001808,59138.3538079,20.8645401,0.179741621,0,zr,27.9367011,-9.9423141
1340214100001808,59139.284456,20.7842102,0.175028563,0,zr,27.9366569,-9.9422141
1340214100001808,59170.3057407,20.7341385,0.172090769,0,zr,27.9369706,-9.942145900000002
