oid,mjd,mag,magerr,catflags,filtercode,ra,dec
648109100004550,58368.3716667,21.6927853,0.251113176,0,zg,4.2431592,34.4209936
648109100004550,58375.3995602,22.3265972,0.30005157,0,zg,4.2431442,34.4208935
648109100004550,58378.3403588,21.6313019,0.246365905,0,zg,4.2431823,34.4209271
648109100004550,58698.451875,21.7934265,0.258883953,0,zg,4.2426378,34.4206908
648109100004550,58706.4425231,21.8824921,0.265761018,0,zg,4.243184,34.4208667
648109100004550,59077.3914468,22.318903,0.299457431,32768,zg,4.2432246,34.4208668
648109100004550,59087.3946181,22.4409332,0.308879733,0,zg,4.2431656,34.4208979
648109100004550,59115.2228241,21.2957954,0.220460534,0,zg,4.2428365,34.4206278
648109100004550,59164.2649769,21.1364479,0.208156943,0,zg,4.2433009,34.4208325
