oid,mjd,mag,magerr,catflags,filtercode,ra,dec
1598109200006168,58366.455463,21.3889008,0.21169734,0,zg,17.9944427,24.0560556
1598109200006168,58370.3752778,21.8683662,0.247932434,0,zg,17.9945202,24.0559803
1598109200006168,58722.4339699,21.7613163,0.239842296,0,zg,17.9946479,24.0558786
1598109200006168,58727.4303009,21.6387672,0.230580688,0,zg,17.9945679,24.055937
