oid,mjd,mag,magerr,catflags,filtercode,ra,dec
1448106400018923,58734.478044,21.0189247,0.203403711,0,zg,55.2555941,-0.7919873
1448106400018923,58749.4190741,21.1918564,0.215723872,0,zg,55.2556621,-0.7921981999999999
1448106400018923,58758.4418056,20.9210205,0.196428657,0,zg,55.2556466,-0.7921867
1448106400018923,58758.4422569,21.0709248,0.207108378,0,zg,55.2556499,-0.7921692
1448106400018923,58760.4226389,21.1075497,0.209717631,0,zg,55.2556217,-0.7921186
1448106400018923,58760.4230903,21.1711426,0.21424818,0,zg,55.2556896,-0.7920723
1448106400018923,58765.4572454,21.0310116,0.20426476,0,zg,55.2556672,-0.7921443
1448106400018923,58765.4576968,20.877182,0.193305492,0,zg,55.2556623,-0.7920346999999999
1448106400018923,58766.331875,20.3494396,0.157661229,0,zg,55.2554516,-0.7925126
