oid,mjd,mag,magerr,catflags,filtercode,ra,dec
749108200008604,58430.3705787,22.0360966,0.296211481,0,zg,124.6182876,47.3393616
749108200008604,58898.2653356,21.7068329,0.268214107,32768,zg,124.6187094,47.3392897
749108200008604,59136.4490625,21.4599342,0.247220278,0,zg,124.6188205,47.3390486
749108200008604,59165.3881019,21.8860168,0.283450246,0,zg,124.6190008,47.3392383
749108200008604,59194.4530093,21.1785946,0.223297834,0,zg,124.6189448,47.3392581
749108200008604,59340.1775579,21.3543892,0.238245726,0,zg,124.6186966,47.3391027
749108200008604,59509.4103125,20.4997444,0.16552043,0,zg,124.6185825,47.3391756
749108200008604,59526.4703588,21.6907253,0.266844511,0,zg,124.6190271,47.3391728
