oid,mjd,mag,magerr,catflags,filtercode,ra,dec
1564109200005668,58439.4659722,21.2274513,0.192963004,0,zg,138.9747223,16.8511769
1564109200005668,58898.2486111,21.2817593,0.196196795,32768,zg,138.9746194,16.8512032
1564109200005668,58903.2916551,21.4198647,0.204420447,32768,zg,138.9745794,16.8512277
1564109200005668,58903.3033565,21.5553017,0.212485194,32768,zg,138.9745399,16.8510514
