oid,mjd,mag,magerr,catflags,filtercode,ra,dec
1460105300004266,58430.5504051,19.1100712,0.0673888326,0,zg,139.1115375,-0.7476034
1460105300004266,58439.4937037,19.0995064,0.0668434948,0,zg,139.1115444,-0.7475893999999998
1460105300004266,58561.2685995,19.1073036,0.0672454759,0,zg,139.1114409,-0.7475861999999999
1460105300004266,58562.2689468,19.0271759,0.0632402897,32768,zg,139.1115811,-0.7477129999999998
1460105300004266,58903.3056019,19.2819099,0.0769847482,0,zg,139.1115519,-0.7475458
1460105300004266,58903.3060532,19.3441868,0.0808220282,0,zg,139.1115508,-0.7475306999999999
