oid,mjd,mag,magerr,catflags,filtercode,ra,dec
1461106400002914,58439.4969676,19.6321487,0.0652321726,0,zg,144.9441715,-0.7992934999999999
1461106400002914,58482.5488079,19.758316,0.0722533911,0,zg,144.944372,-0.7992742
