oid,mjd,mag,magerr,catflags,filtercode,ra,dec
1710111100009464,58430.5458333,21.0913048,0.182523608,0,zg,153.3861064,38.6390601
1710111100009464,58439.4821644,20.9795036,0.176264048,0,zg,153.3860999,38.6391155
1710111100009464,58587.2495139,20.3111858,0.143368125,0,zg,153.3860651,38.6388207
1710111100009464,58805.5059606,20.814249,0.167011619,0,zg,153.3861177,38.6390848
1710111100009464,58985.1651852,21.2026367,0.188756824,0,zg,153.3861622,38.6391163
1710111100009464,59163.4931134,21.2247124,0.189992905,0,zg,153.386025,38.6391721
