oid,mjd,mag,magerr,catflags,filtercode,ra,dec
1629116400000246,58333.1898843,21.5555573,0.216804385,0,zg,240.829506,25.3492919
1629116400000246,58333.1903356,21.3854141,0.205261469,0,zg,240.8293509,25.3491486
1629116400000246,58572.5136574,20.8537483,0.169191837,0,zg,240.8293165,25.3491764
