oid,mjd,mag,magerr,catflags,filtercode,ra,dec
1489106400003975,59073.3564815,21.5238266,0.230879307,0,zg,339.3048833,-0.6327566
1489106400003975,59128.3245023,20.364687,0.157385886,0,zg,339.3047687,-0.6326659
1489106400003975,59139.2241435,21.5872116,0.235078096,32768,zg,339.304734,-0.6326190999999999
