oid,mjd,mag,magerr,catflags,filtercode,ra,dec
693103300006461,58400.2819792,22.0283794,0.245914578,0,zg,351.1027164,30.407225
693103300006461,59053.3829398,22.0443687,0.247054577,0,zg,351.102838,30.4072072
693103300006461,59071.4326389,21.5182648,0.209544301,0,zg,351.1027258,30.4070353
693103300006461,59079.3529745,21.9624786,0.241215944,0,zg,351.102661,30.4071898
693103300006461,59397.450706,21.4132462,0.202056646,0,zg,351.1028392,30.4072518
