oid,mjd,mag,magerr,catflags,filtercode,ra,dec
1617103400007283,58439.4853704,20.65769,0.133897424,0,zg,155.1618761,19.0086289
1617103400007283,58491.4376389,20.7728844,0.139858603,0,zg,155.1620788,19.0086141
1617103400007283,58522.4108912,21.1661301,0.160208821,0,zg,155.1619819,19.0086306
1617103400007283,58580.2042361,20.895195,0.14618814,0,zg,155.1620912,19.0086833
1617103400007283,58585.2036574,21.0680466,0.155133128,0,zg,155.1619951,19.0085525
1617103400007283,58852.5185301,21.365612,0.170531988,0,zg,155.1618397,19.0087358
1617103400007283,58852.5189815,21.1054649,0.157069445,0,zg,155.1619274,19.0086739
1617103400007283,58853.4957639,21.1521969,0.159487844,0,zg,155.1619805,19.0087377
1617103400007283,58853.4975694,21.2444687,0.164262891,0,zg,155.1620763,19.0086602
