oid,mjd,mag,magerr,catflags,filtercode,ra,dec
418110100004396,58430.5219907,20.9489269,0.222452044,0,zg,157.8012839,-0.8964864
418110100004396,58440.4805671,20.8764019,0.216157556,32768,zg,157.8014669,-0.8964931
418110100004396,58464.5204398,21.0880775,0.23452878,0,zg,157.8013219,-0.8966091
418110100004396,58494.4623958,21.0115471,0.227886796,0,zg,157.8013837,-0.8965252
418110100004396,59168.5017014,21.0922909,0.234894395,0,zg,157.8012168,-0.8966047
418110100004396,59314.2325579,21.3498764,0.257250071,0,zg,157.8013846,-0.8964366
418110100004396,59532.52125,21.42593,0.263850689,0,zg,157.8013538,-0.8965884
