oid,mjd,mag,magerr,catflags,filtercode,ra,dec
1798116100000977,58572.5251157,20.6868553,0.149110198,0,zg,246.2244999,54.868967
