oid,mjd,mag,magerr,catflags,filtercode,ra,dec
402111100014933,58340.4846065,20.8839054,0.193333387,0,zg,42.9495666,-1.3050972
402111100014933,58347.4761458,21.928915,0.27227056,0,zg,42.9493501,-1.305503
402111100014933,58366.4618866,21.5778103,0.245748997,0,zg,42.9493155,-1.3054143
402111100014933,58376.460706,21.6089134,0.248098493,0,zg,42.9496173,-1.3053979
402111100014933,58382.4392361,21.7170715,0.256268501,65535,zg,42.9495567,-1.3053395
