oid,mjd,mag,magerr,catflags,filtercode,ra,dec
1575104300002326,58522.4718403,21.469635,0.205584884,0,zg,210.0896335,11.9379323
1575104300002326,58963.3529745,21.3431988,0.197865248,0,zg,210.0897576,11.937978
