oid,mjd,mag,magerr,catflags,filtercode,ra,dec
1673115300018135,58963.3498032,21.4977093,0.175074339,0,zg,214.0595105,32.3065362
