oid,mjd,mag,magerr,catflags,filtercode,ra,dec
1577103200008224,58236.3312269,18.8126259,0.0472279191,0,zg,225.873346,12.705261
1577103200008224,58507.5387847,19.1072979,0.0578707829,0,zg,225.8733761,12.7051393
1577103200008224,58567.4356829,18.9645615,0.0524536744,0,zg,225.8733614,12.7051511
1577103200008224,58944.4357407,19.0937328,0.0573346652,0,zg,225.8734172,12.7051574
1577103200008224,58944.4370949,19.1403408,0.0591954812,0,zg,225.8733601,12.7052056
1577103200008224,58963.3327199,18.9818878,0.053084854,0,zg,225.8734025,12.7051501
1577103200008224,58963.3331713,18.9717865,0.052715987,0,zg,225.8733837,12.7051335
