oid,mjd,mag,magerr,catflags,filtercode,ra,dec
1798105200000287,58572.5251157,20.8385239,0.183695197,0,zg,253.6754072,51.1252405
1798105200000287,58962.5038657,20.8072281,0.181253076,0,zg,253.6755711,51.125197
1798105200000287,58962.5043171,20.4000435,0.148494005,0,zg,253.6756122,51.1252016
1798105200000287,59000.2815856,20.638279,0.168069243,0,zg,253.675349,51.1251507
