oid,mjd,mag,magerr,catflags,filtercode,ra,dec
600306200001149,58337.4643981,21.0086288,0.234443784,0,zi,1.8953874,25.9265634
600306200001149,58347.3854282,20.7925034,0.215682507,0,zi,1.8955408,25.9267022
600306200001149,58377.3328356,20.9441719,0.228848457,0,zi,1.8953975,25.9265608
600306200001149,58691.3417245,21.2968254,0.259461403,0,zi,1.8955232,25.9265462
600306200001149,58705.4232986,21.1744919,0.248842001,0,zi,1.895432,25.9265181
600306200001149,58722.3939005,20.9673824,0.230863333,0,zi,1.8955011,25.9265807
600306200001149,58751.3423148,20.842001,0.219979286,0,zi,1.8953635,25.9268767
600306200001149,58765.2985185,20.8221931,0.218259811,0,zi,1.8955901,25.9264925
600306200001149,59211.1806134,20.5089264,0.191065907,0,zi,1.8956751,25.926754
