oid,mjd,mag,magerr,catflags,filtercode,ra,dec
402313300006074,59184.3297338,19.1904221,0.112633646,0,zi,46.3369193,-0.5951623999999999
402313300006074,59187.2697454,19.414156,0.131381869,0,zi,46.3369664,-0.5950952
402313300006074,59190.2572106,18.9988384,0.097933501,32768,zi,46.3368719,-0.5951132999999998
402313300006074,59200.2830671,19.5269737,0.141258627,0,zi,46.3369172,-0.5951243
402313300006074,59211.1896065,19.2503567,0.117509909,0,zi,46.3368612,-0.5950328
402313300006074,59217.208287,19.6887302,0.155488819,0,zi,46.3369777,-0.5949757
