oid,mjd,mag,magerr,catflags,filtercode,ra,dec
464314100002867,59180.4109838,18.404335,0.0550034791,32768,zi,124.8927418,8.0256424
464314100002867,59184.4047222,18.4290485,0.0560410023,0,zi,124.892591,8.0257458
464314100002867,59188.4626736,18.4242687,0.0558387749,0,zi,124.8926094,8.0257325
464314100002867,59199.4658565,18.436491,0.0563573278,0,zi,124.8926076,8.025727
464314100002867,59202.4297917,18.500473,0.0591523871,0,zi,124.8926119,8.0257248
464314100002867,59206.4630671,18.3492851,0.052763015,32768,zi,124.89266,8.0257362
