oid,mjd,mag,magerr,catflags,filtercode,ra,dec
664306400015157,59173.3892361,18.4759693,0.0535782501,32768,zi,126.8091777,31.665689
664306400015157,59177.444838,18.6762123,0.0624558143,0,zi,126.8095191,31.6658078
664306400015157,59181.4413542,18.482378,0.0538406,0,zi,126.8094765,31.665794
664306400015157,59184.4019097,18.454464,0.0527080111,0,zi,126.8095245,31.6658088
664306400015157,59199.4697222,18.5381145,0.05618155,0,zi,126.8095081,31.6658037
664306400015157,59202.4272917,18.4499798,0.0525284857,0,zi,126.8095246,31.6657652
664306400015157,59205.3439699,18.5425949,0.0563743748,0,zi,126.8094758,31.6658127
664306400015157,59216.4667361,18.5356293,0.0560748689,0,zi,126.8095198,31.665842
