oid,mjd,mag,magerr,catflags,filtercode,ra,dec
749307200014990,58257.173588,19.9504356,0.140050054,0,zi,127.324144,46.9710193
749307200014990,58912.3126852,19.9277306,0.138147175,0,zi,127.3241106,46.9708498
749307200014990,59140.4989236,20.0366173,0.147295147,0,zi,127.3241644,46.9708689
749307200014990,59179.3854167,19.7498474,0.123514779,0,zi,127.3242557,46.9707532
749307200014990,59190.3878009,19.9935303,0.14367111,0,zi,127.3238333,46.9708382
749307200014990,59199.4730671,19.8508835,0.131753504,0,zi,127.3238354,46.9708426
749307200014990,59202.4263542,19.8796329,0.134135321,0,zi,127.3239528,46.970948
749307200014990,59205.3453819,19.7509918,0.123606756,0,zi,127.3241073,46.9707966
