oid,mjd,mag,magerr,catflags,filtercode,ra,dec
749303100011159,58915.2691319,19.8821297,0.13809967,0,zi,128.3795789,45.0722605
749303100011159,59140.4989236,19.8512268,0.135581732,0,zi,128.3793526,45.072202
749303100011159,59179.3854167,19.6454773,0.119114056,0,zi,128.3794354,45.0722412
749303100011159,59199.4730671,19.6574898,0.120053098,0,zi,128.3794235,45.0724034
749303100011159,59202.4263542,19.8214436,0.133160353,0,zi,128.3792732,45.0721932
