oid,mjd,mag,magerr,catflags,filtercode,ra,dec
568304100011907,59166.5161343,20.4008865,0.164482504,0,zi,128.6608824,16.2973974
568304100011907,59176.4774769,20.1421337,0.146931723,0,zi,128.6608937,16.2974755
568304100011907,59184.4076852,20.0772915,0.142024875,0,zi,128.6609178,16.2974722
568304100011907,59202.4756829,19.98493,0.134908915,0,zi,128.6608578,16.297377
568304100011907,59210.4442708,20.0724106,0.141651511,0,zi,128.6609082,16.2974426
