oid,mjd,mag,magerr,catflags,filtercode,ra,dec
709315100007361,58257.1715625,19.3254623,0.104502991,0,zi,130.7222769,43.9055128
709315100007361,59179.3858796,19.6359406,0.128635496,0,zi,130.7224299,43.9054649
709315100007361,59184.4014352,19.4302216,0.112389319,0,zi,130.7224291,43.905401
709315100007361,59199.4459722,19.7419529,0.137201861,0,zi,130.7224935,43.9054445
709315100007361,59202.4268287,19.6535835,0.130058348,0,zi,130.7225711,43.9056434
709315100007361,59205.3449074,19.8359661,0.144748867,0,zi,130.7223255,43.9054541
709315100007361,59216.4672106,19.4442368,0.11346779,0,zi,130.7223672,43.9054978
