oid,mjd,mag,magerr,catflags,filtercode,ra,dec
749314400007301,58257.173588,18.9513016,0.0768070742,0,zi,131.4948206,50.1181716
749314400007301,58912.3126852,19.0981064,0.0856607556,0,zi,131.4950719,50.118138
749314400007301,58915.2691319,19.2449684,0.0953480452,0,zi,131.4950236,50.1181476
749314400007301,59140.4989236,19.2164497,0.0934028327,0,zi,131.4950739,50.118084
749314400007301,59179.3854167,19.4454556,0.109847777,0,zi,131.4951451,50.1180857
749314400007301,59190.3878009,19.0362701,0.0818299055,0,zi,131.4952002,50.1180991
749314400007301,59199.4730671,18.9522381,0.0768609494,0,zi,131.4950603,50.118116
749314400007301,59202.4263542,19.1499443,0.0889860168,0,zi,131.4950473,50.1181844
749314400007301,59205.3453819,19.1699448,0.0902965367,0,zi,131.4950946,50.1181471
