oid,mjd,mag,magerr,catflags,filtercode,ra,dec
465314400007044,59181.4337384,17.5747395,0.0276382323,0,zi,131.7084227,6.6969841
465314400007044,59184.3766667,17.6388664,0.0288692638,0,zi,131.7083688,6.6969598
465314400007044,59187.3168287,17.6481152,0.0290527735,0,zi,131.7083815,6.6970046
465314400007044,59190.3911111,17.6336727,0.0287668742,0,zi,131.7083737,6.6969479
465314400007044,59199.4621065,17.6023884,0.0281602386,0,zi,131.7084154,6.6969307
465314400007044,59202.4767014,17.5996151,0.0281072706,0,zi,131.7083414,6.6969329
465314400007044,59206.4621296,17.6315765,0.0287256986,32768,zi,131.7083429,6.696952
465314400007044,59216.4638889,17.5745277,0.0276343003,0,zi,131.7083722,6.6969631
