oid,mjd,mag,magerr,catflags,filtercode,ra,dec
749301200001246,58257.173588,19.6214294,0.122350842,0,zi,131.7844117,45.4340885
749301200001246,58912.3126852,19.5303707,0.115188815,0,zi,131.7843199,45.4339527
749301200001246,59140.4989236,19.4990654,0.112780422,0,zi,131.7842791,45.4339589
749301200001246,59179.3854167,19.4924297,0.112273701,0,zi,131.7843044,45.4339625
749301200001246,59190.3878009,19.5333614,0.115420341,0,zi,131.7843524,45.4339134
749301200001246,59199.4730671,19.5074596,0.113423243,0,zi,131.7844013,45.434
749301200001246,59202.4263542,19.5759201,0.118743733,0,zi,131.7844032,45.4339307
749301200001246,59205.3453819,19.5863552,0.119566195,0,zi,131.7842909,45.433968
749301200001246,59215.3854167,18.8166142,0.0690249726,0,zi,131.7843685,45.4339396
