oid,mjd,mag,magerr,catflags,filtercode,ra,dec
466312200014770,59184.3857523,18.8462181,0.0690591633,0,zi,134.2978975,6.1540861
466312200014770,59190.3773032,18.6525764,0.0596288182,0,zi,134.2979769,6.1541128
466312200014770,59199.463044,18.7931099,0.0663417578,0,zi,134.297976,6.15408
466312200014770,59202.4401852,18.6678848,0.0603271201,0,zi,134.2978801,6.1540394
466312200014770,59217.3032639,18.7931557,0.0663440973,0,zi,134.2978889,6.1539833
