oid,mjd,mag,magerr,catflags,filtercode,ra,dec
750312100006797,58581.2904861,20.5612106,0.183994532,0,zi,135.0412897,49.4326105
750312100006797,58585.2451852,20.5806637,0.185377121,0,zi,135.0411817,49.4326074
750312100006797,58628.163831,20.3706474,0.174043119,0,zi,135.0414236,49.4327374
750312100006797,59205.4057986,20.4326191,0.177124262,32768,zi,135.0413177,49.4327158
