oid,mjd,mag,magerr,catflags,filtercode,ra,dec
467304100006721,59184.3862269,18.9746914,0.079664357,0,zi,141.983541,1.7788144
467304100006721,59200.4834259,19.0231857,0.0825329572,32768,zi,141.9834709,1.7787676
467304100006721,59204.4886921,18.9931774,0.0807479247,0,zi,141.98355,1.7787844
467304100006721,59215.3953588,18.6498299,0.0626079217,0,zi,141.9834856,1.7787886
