oid,mjd,mag,magerr,catflags,filtercode,ra,dec
786312400006440,58257.174537,20.2380085,0.156363428,0,zi,143.4171036,55.1118078
786312400006440,58257.1779051,19.98596,0.138548225,0,zi,143.4174664,55.1116994
786312400006440,58261.1979398,19.756218,0.12107943,0,zi,143.4176393,55.1114687
786312400006440,58912.3081481,19.9245033,0.133893251,0,zi,143.4176022,55.1115679
786312400006440,59184.4110764,19.6789341,0.115280211,0,zi,143.4174228,55.1115947
786312400006440,59190.3829398,19.8422203,0.127617225,0,zi,143.4174424,55.1115859
786312400006440,59203.267662,19.7076569,0.117424205,0,zi,143.4176801,55.1115116
