oid,mjd,mag,magerr,catflags,filtercode,ra,dec
786306200005760,58912.3081481,20.6322536,0.188916683,0,zi,148.7656468,54.2647327
786306200005760,59190.3829398,20.301342,0.176185057,0,zi,148.7657621,54.2648178
