oid,mjd,mag,magerr,catflags,filtercode,ra,dec
711314100002172,58246.2854167,19.7948666,0.149968475,0,zi,151.3758348,43.9715917
711314100002172,58567.3528241,20.1676292,0.177249044,0,zi,151.3753221,43.9715467
711314100002172,58596.3460764,20.3261147,0.18377164,0,zi,151.3753955,43.9717467
