oid,mjd,mag,magerr,catflags,filtercode,ra,dec
786313300021062,58257.174537,19.494112,0.125673264,0,zi,151.249833,56.9964557
786313300021062,58257.1779051,19.4357071,0.12088041,0,zi,151.2501191,56.9964306
786313300021062,58261.1979398,19.5644836,0.131532252,0,zi,151.2500443,56.9964092
786313300021062,58912.3081481,19.5222588,0.128007293,0,zi,151.2500481,56.9963589
786313300021062,59184.4110764,19.4474869,0.121841043,0,zi,151.249907,56.9963563
786313300021062,59190.3829398,19.3684654,0.115464568,0,zi,151.2500121,56.9963725
786313300021062,59200.4926273,19.1989021,0.102418348,32768,zi,151.2501314,56.9963407
786313300021062,59206.4666898,19.2532597,0.106495641,32768,zi,151.249761,56.9962746
