oid,mjd,mag,magerr,catflags,filtercode,ra,dec
667301300012606,58266.218287,20.0247192,0.169108197,0,zi,151.8964131,30.313684
667301300012606,58582.2987731,20.1203976,0.17614454,32768,zi,151.8962228,30.3136875
667301300012606,58585.2465972,20.136013,0.177212268,0,zi,151.8961491,30.3136651
667301300012606,58607.2587847,20.0595665,0.171759084,0,zi,151.8961112,30.3135433
667301300012606,58864.3707639,20.2435322,0.183750346,0,zi,151.8961423,30.3136518
667301300012606,59181.4374884,19.7450256,0.145811513,0,zi,151.8961697,30.3137221
667301300012606,59190.3805787,19.8693886,0.156457871,0,zi,151.8963151,30.3137525
667301300012606,59217.5037269,19.7031746,0.142200857,0,zi,151.8961587,30.3135475
