oid,mjd,mag,magerr,catflags,filtercode,ra,dec
572312300001322,58257.1840278,19.4261856,0.109151512,0,zi,155.9902994,19.6701861
572312300001322,58558.265706,19.3212185,0.101634949,0,zi,155.9903496,19.6703145
572312300001322,58855.394213,19.6841602,0.128809392,0,zi,155.990408,19.6701931
572312300001322,58893.3525579,19.5376415,0.117473416,0,zi,155.9902922,19.6701898
572312300001322,59199.4833796,19.6945763,0.129626364,0,zi,155.9903063,19.6701151
572312300001322,59202.4722569,19.4269714,0.109209031,0,zi,155.9902859,19.6701505
