oid,mjd,mag,magerr,catflags,filtercode,ra,dec
572308100008810,58893.3525579,20.5524864,0.177959919,0,zi,156.9806891,18.1565156
