oid,mjd,mag,magerr,catflags,filtercode,ra,dec
421312200015146,59202.4607176,20.1119881,0.164962679,0,zi,174.6041715,-1.2663114
