oid,mjd,mag,magerr,catflags,filtercode,ra,dec
422311100001322,58257.2070718,19.4816322,0.110717729,0,zi,184.7825353,-0.935892
422311100001322,59188.4854051,19.1654816,0.0894232988,0,zi,184.7825003,-0.935901
422311100001322,59201.5266435,19.4463673,0.108217634,0,zi,184.7824246,-0.9359507
422311100001322,59216.4815394,19.7163162,0.127765223,0,zi,184.7825182,-0.9360556
