oid,mjd,mag,magerr,catflags,filtercode,ra,dec
532316100018113,58232.3365741,20.3785534,0.193573132,0,zi,233.1710078,15.0545495
532316100018113,58249.3142708,19.6251144,0.143319875,0,zi,233.1712909,15.0547022
532316100018113,58261.2736921,19.8666916,0.164465025,0,zi,233.1712871,15.054692
532316100018113,58277.2944097,19.8717384,0.164890915,0,zi,233.1710322,15.0547826
532316100018113,58281.2951505,19.8966026,0.166971385,0,zi,233.1712638,15.0545964
532316100018113,58286.1925,20.049984,0.178905815,0,zi,233.1712939,15.0546855
532316100018113,58320.2279167,19.9128342,0.168312475,0,zi,233.1714204,15.0546239
