oid,mjd,mag,magerr,catflags,filtercode,ra,dec
1673110200000437,58235.2466088,19.4516602,0.075268358,0,zg,215.7055241,31.4530615
1673110200000437,58235.2470718,19.5739403,0.0814361796,0,zg,215.7053765,31.4531939
1673110200000437,58522.473669,19.9248676,0.100699797,0,zg,215.7056328,31.4531695
1673110200000437,58642.1795949,19.4303455,0.0742297471,0,zg,215.7054487,31.453065
1673110200000437,58642.1800463,19.4695492,0.0761486515,0,zg,215.7053848,31.4530949
1673110200000437,58963.3493519,19.5450573,0.0799481869,0,zg,215.7054012,31.4531313
1673110200000437,58963.3498032,19.5541821,0.0804162621,0,zg,215.7054349,31.4531235
1673110200000437,58979.2910417,19.4645901,0.0759038478,0,zg,215.705383,31.4531508
1673110200000437,58979.2915162,19.5557919,0.0804990083,0,zg,215.7054387,31.4530818
