oid,mjd,mag,magerr,catflags,filtercode,ra,dec
582110300014788,58599.3315625,22.4766865,0.311838627,0,zg,231.3964202,19.2049213
582110300014788,58979.2684144,20.9027615,0.190523028,0,zg,231.3963555,19.205146
582110300014788,59069.1793866,21.5937843,0.243785977,0,zg,231.3961277,19.2046006
582110300014788,59231.5550116,21.2148876,0.214581251,0,zg,231.3966821,19.2049193
582110300014788,59425.2261343,21.1631088,0.210590124,0,zg,231.3967304,19.2045089
