oid,mjd,mag,magerr,catflags,filtercode,ra,dec
1675113300015055,58640.1874306,21.3565998,0.224046469,0,zg,233.1847081,31.8639116
1675113300015055,58642.1810069,21.0401363,0.202805877,0,zg,233.1845739,31.863917
