oid,mjd,mag,magerr,catflags,filtercode,ra,dec
1629111200000749,58333.1898843,20.3172684,0.146048427,0,zg,241.7112018,24.2151625
1629111200000749,58333.1903356,20.2308254,0.139325678,0,zg,241.7111655,24.2151795
1629111200000749,58645.221956,20.2288456,0.139170572,0,zg,241.7111316,24.215214
1629111200000749,58645.222419,20.0530472,0.125378549,0,zg,241.7112763,24.2152759
1629111200000749,58674.208125,19.9914322,0.120609686,0,zg,241.7112405,24.2151423
1629111200000749,58674.2085764,20.3411922,0.147881642,0,zg,241.7112189,24.2152161
1629111200000749,58999.2460069,20.4052277,0.152696133,0,zg,241.7112121,24.2152631
1629111200000749,59000.2889005,20.1320496,0.13156265,0,zg,241.7112574,24.2150617
