oid,mjd,mag,magerr,catflags,filtercode,ra,dec
1678113400001518,58245.4870833,20.4161911,0.15208289,0,zg,256.8729477,32.3271228
1678113400001518,58245.4875347,20.1391106,0.134091482,0,zg,256.8729062,32.3271915
1678113400001518,58274.4137731,20.5320702,0.158410072,0,zg,256.8728815,32.3271145
1678113400001518,58333.1889468,20.6902561,0.168885946,32768,zg,256.8730047,32.3271777
1678113400001518,58333.1894097,20.3174572,0.146189541,0,zg,256.8728698,32.3272206
1678113400001518,58645.2275,20.3785439,0.149929807,0,zg,256.8727401,32.3270983
1678113400001518,58645.2279514,20.5748787,0.161245108,0,zg,256.8727514,32.3272968
1678113400001518,58653.3468981,20.1938038,0.137935862,0,zg,256.8727658,32.3271655
