oid,mjd,mag,magerr,catflags,filtercode,ra,dec
1712113300007793,58439.4904745,20.7695618,0.178104043,0,zg,173.820764,39.2040932
1712113300007793,58482.5419213,20.9015388,0.185306072,0,zg,173.8206837,39.2042218
1712113300007793,58487.4766435,21.0924282,0.195722938,0,zg,173.82083,39.2041914
1712113300007793,58540.3953935,21.0836468,0.195243716,0,zg,173.8209041,39.2041684
1712113300007793,58580.2475347,20.9674892,0.188905001,0,zg,173.8207864,39.2041587
1712113300007793,58585.1967477,21.002264,0.190802574,0,zg,173.8206662,39.2041948
