oid,mjd,mag,magerr,catflags,filtercode,ra,dec
1528112400001544,58507.5561806,18.6215286,0.0381508768,0,zg,242.2180982,8.8867315
1528112400001544,58567.4347569,18.8624172,0.0451628305,0,zg,242.2180842,8.886755
1528112400001544,58572.5159491,18.7987862,0.0431845374,0,zg,242.2180712,8.8867179
1528112400001544,59000.29125,18.9527283,0.048134435,0,zg,242.2180703,8.8867196
1528112400001544,59009.2710764,19.0016499,0.0498267487,0,zg,242.2180857,8.886744699999998
1528112400001544,59027.2277199,19.0636654,0.0520576015,0,zg,242.2181076,8.8867206
