oid,mjd,mag,magerr,catflags,filtercode,ra,dec
1528104400005358,58567.4347569,19.7197189,0.0877864361,0,zg,242.0636844,4.601626
1528104400005358,58572.5159491,19.9098625,0.0995187163,0,zg,242.0636631,4.6016429
1528104400005358,59000.29125,20.0303707,0.107346758,0,zg,242.063557,4.6016247
1528104400005358,59009.2710764,20.1164436,0.113052323,0,zg,242.0637498,4.6016889
1528104400005358,59027.2277199,19.9331131,0.101009496,0,zg,242.0637182,4.6016911
