oid,mjd,mag,magerr,catflags,filtercode,ra,dec
1447116100003117,58430.3091551,21.2102489,0.218025684,0,zg,44.4986368,3.8496821
1447116100003117,58758.4264699,21.0687752,0.2068609,0,zg,44.4985798,3.8497607
1447116100003117,59118.4795486,21.5592651,0.245569348,0,zg,44.4986781,3.8495744
1447116100003117,59136.3534259,21.4556007,0.237388372,0,zg,44.4985861,3.8497859
