oid,mjd,mag,magerr,catflags,filtercode,ra,dec
1708112300002411,58427.5468634,21.1432152,0.174866796,0,zg,134.2204321,37.3406695
1708112300002411,58430.3894444,20.7407608,0.154383659,0,zg,134.2204193,37.340664
1708112300002411,58439.4632292,21.4355927,0.189747453,0,zg,134.2204568,37.3405348
1708112300002411,58879.2269097,20.7615929,0.155443907,0,zg,134.2203229,37.3406462
1708112300002411,58900.3044097,20.931509,0.164091825,0,zg,134.2203291,37.340628
1708112300002411,58900.3048611,20.80686,0.157747746,0,zg,134.2204304,37.3403641
