oid,mjd,mag,magerr,catflags,filtercode,ra,dec
1670107300028107,58493.5410764,20.9175663,0.151424825,0,zg,190.8790332,28.0863983
1670107300028107,58511.4939352,21.0083809,0.154887855,0,zg,190.8792859,28.0863824
1670107300028107,58522.4369907,21.0089321,0.154908895,0,zg,190.8790301,28.0865335
1670107300028107,58540.4356481,21.1587753,0.160622954,0,zg,190.8791053,28.0863511
