oid,mjd,mag,magerr,catflags,filtercode,ra,dec
428114400000614,58247.3145949,21.2833748,0.207132697,0,zg,229.2798616,0.1395077999999999
428114400000614,58273.2522685,21.241991,0.204232693,0,zg,229.2797081,0.1397313
428114400000614,58276.2527431,21.1054211,0.194662094,0,zg,229.2796105,0.1396903999999999
428114400000614,58279.2946065,21.0016232,0.187388182,0,zg,229.279606,0.1397226
428114400000614,58332.1738426,21.5321388,0.224565625,0,zg,229.2796866,0.1396323999999999
428114400000614,58636.2735417,21.8416977,0.246258974,0,zg,229.2798934,0.1398868
428114400000614,59409.228669,21.1568737,0.198267817,0,zg,229.2795739,0.139637
