oid,mjd,mag,magerr,catflags,filtercode,ra,dec
1460113100003216,58430.5504051,19.1183357,0.0844797641,0,zg,139.4438057,4.4063958
1460113100003216,58439.4937037,19.0879421,0.082431227,0,zg,139.4437505,4.4064136
1460113100003216,58903.3056019,19.1537876,0.0869346783,0,zg,139.4437576,4.4063992
1460113100003216,58903.3060532,19.1452217,0.0863349438,0,zg,139.4437526,4.4063947
