oid,mjd,mag,magerr,catflags,filtercode,ra,dec
1548106300006721,58348.5017361,21.0745964,0.178702474,32768,zg,23.0131259,13.6827753
1548106300006721,58372.4307639,21.5711861,0.21026206,0,zg,23.0131214,13.6826845
1548106300006721,58373.4162847,21.5720634,0.21031785,0,zg,23.012938,13.6825663
1548106300006721,58430.2954282,21.4472389,0.202384949,0,zg,23.0132207,13.6826692
1548106300006721,58723.4542824,21.8515816,0.228082061,0,zg,23.013087,13.6826115
1548106300006721,58758.3661343,21.2607803,0.190534949,0,zg,23.0131797,13.6825204
1548106300006721,58760.4058333,21.4348545,0.20159781,0,zg,23.0132319,13.6826778
