oid,mjd,mag,magerr,catflags,filtercode,ra,dec
1831104200011446,58333.2279398,19.536581,0.0806350634,0,zg,265.6847969,55.7499209
1831104200011446,58333.2284028,19.4814949,0.0775846541,0,zg,265.6847948,55.7498986
1831104200011446,58567.4277315,19.6022072,0.0843762979,0,zg,265.6849015,55.7499141
1831104200011446,59000.3047685,19.7761192,0.0947955027,0,zg,265.6845568,55.7499852
1831104200011446,59066.3607176,19.6923065,0.0896896794,0,zg,265.6847244,55.749852
1831104200011446,59090.3140509,19.925993,0.104222171,0,zg,265.684843,55.7499848
1831104200011446,59091.2602662,19.8322926,0.0982916355,0,zg,265.6847993,55.749871
1831104200011446,59091.2607292,19.9414406,0.105208285,0,zg,265.6850636,55.7498604
1831104200011446,59092.3234954,19.6187477,0.085336946,0,zg,265.6846981,55.7499528
