oid,mjd,mag,magerr,catflags,filtercode,ra,dec
1488101200010321,58695.4372454,21.185463,0.181607723,0,zg,333.5682946,-1.5339341
1488101200010321,59077.3716898,21.0905666,0.175758004,0,zg,333.5683491,-1.5338064
1488101200010321,59077.3721644,21.4165096,0.195850372,0,zg,333.5682042,-1.5338494
1488101200010321,59088.2914468,20.9330368,0.166047215,0,zg,333.5685257,-1.5337392
1488101200010321,59091.3565046,20.4314156,0.135355696,0,zg,333.5682401,-1.5339986
1488101200010321,59145.2369907,21.1660423,0.180410624,0,zg,333.5685104,-1.5338337
