oid,mjd,mag,magerr,catflags,filtercode,ra,dec
397315200011408,58397.3263079,20.3915424,0.172875077,0,zi,7.3533812,0.6031476
