oid,mjd,mag,magerr,catflags,filtercode,ra,dec
397314400015735,58757.3540625,20.7852592,0.184629083,0,zi,9.7598063,-0.6047845
