oid,mjd,mag,magerr,catflags,filtercode,ra,dec
451303100006565,58390.2832639,20.2846584,0.170619637,0,zi,32.81222,1.771109
451303100006565,58397.3212847,20.2749081,0.170266494,0,zi,32.8123328,1.7711015
451303100006565,58426.2963079,19.4544373,0.113565087,32768,zi,32.812375,1.770997
451303100006565,58747.3778935,20.5162659,0.173696101,0,zi,32.8122427,1.7711116
451303100006565,58750.344375,19.7592545,0.137044609,0,zi,32.8126,1.7709298
451303100006565,58761.3276157,20.0302391,0.157008424,0,zi,32.8123352,1.7709875
451303100006565,58765.3268056,20.0029888,0.155156672,0,zi,32.8122269,1.7710961
451303100006565,59200.2816667,20.2498684,0.16928269,0,zi,32.8122294,1.7710569
