oid,mjd,mag,magerr,catflags,filtercode,ra,dec
614312100007923,58561.1217824,19.5691109,0.0971523076,0,zi,103.3961035,27.5828962
614312100007923,59140.4702662,19.5820656,0.0980356187,0,zi,103.3960769,27.5827485
614312100007923,59182.3278356,19.7786789,0.112084582,0,zi,103.3961117,27.5827125
614312100007923,59184.3398032,19.6087952,0.0998757556,0,zi,103.3961575,27.582752
614312100007923,59188.4654977,19.620266,0.100672513,0,zi,103.3960335,27.5827324
614312100007923,59189.4299653,19.7106247,0.107092857,0,zi,103.3960749,27.5827447
614312100007923,59199.4423727,19.7973785,0.113477379,0,zi,103.3961251,27.5828309
614312100007923,59202.4228819,19.732954,0.108716719,0,zi,103.3961866,27.5827904
614312100007923,59205.3411343,19.7193832,0.107728124,0,zi,103.3960953,27.5827334
