oid,mjd,mag,magerr,catflags,filtercode,ra,dec
706305100021032,59140.4730787,20.0832214,0.147221074,0,zi,110.4546217,40.2174693
706305100021032,59182.3118287,20.092762,0.147913098,0,zi,110.4546601,40.2174623
706305100021032,59187.3255903,19.733099,0.120662615,0,zi,110.4548315,40.2176525
706305100021032,59190.3868403,20.112772,0.149351925,0,zi,110.4548124,40.2175464
706305100021032,59199.4706713,19.5454063,0.106768638,0,zi,110.4545523,40.2174826
707308200001089,59181.4463773,19.9403858,0.135432273,0,zi,110.4547486,40.2174905
707308200001089,59182.3297106,20.2107925,0.155318737,0,zi,110.4546793,40.2174508
707308200001089,59202.4566204,20.169651,0.152477741,0,zi,110.4549378,40.2174806
707308200001089,59205.3463194,20.0848885,0.146356672,0,zi,110.4547686,40.2174789
