oid,mjd,mag,magerr,catflags,filtercode,ra,dec
748303200018426,58257.1731134,19.5393791,0.105069607,32768,zi,117.6594857,45.1772126
748303200018426,59177.4194444,19.4885292,0.101473197,0,zi,117.6594702,45.1772919
748303200018426,59182.3516088,19.2761707,0.0873720795,0,zi,117.6594146,45.1773222
748303200018426,59190.387338,19.4169197,0.0965472385,0,zi,117.6594249,45.177357
748303200018426,59199.4720833,19.7229919,0.118642479,0,zi,117.659286,45.1774093
748303200018426,59202.4561458,19.8892002,0.131464183,0,zi,117.6592977,45.1774477
748303200018426,59205.3458449,19.5349026,0.104749873,0,zi,117.6594002,45.1773185
