oid,mjd,mag,magerr,catflags,filtercode,ra,dec
516310200003774,59166.5128588,19.790678,0.111921109,0,zi,121.591197,13.2141013
516310200003774,59184.4051852,19.3341293,0.0825781375,0,zi,121.5911635,13.214141
516310200003774,59189.4236574,19.5434093,0.0953873172,0,zi,121.5911125,13.214188
516310200003774,59199.4400231,19.670866,0.10375987,0,zi,121.5911792,13.2142292
516310200003774,59202.4585648,19.6120548,0.099849999,0,zi,121.5911604,13.214072
516310200003774,59205.3991435,19.5011921,0.092702657,32768,zi,121.5913226,13.2140864
516310200003774,59216.4643634,19.5151291,0.093583636,0,zi,121.5912512,13.2140514
