oid,mjd,mag,magerr,catflags,filtercode,ra,dec
664308400005229,59177.444838,19.3147011,0.0839367136,0,zi,122.5380867,31.6235167
664308400005229,59181.4413542,19.4896793,0.0951664597,0,zi,122.537959,31.6234041
664308400005229,59184.4019097,19.4351292,0.0915454403,0,zi,122.5379996,31.6234649
664308400005229,59190.389213,19.6377048,0.10551472,0,zi,122.5379682,31.6234338
664308400005229,59199.4697222,19.575201,0.101054966,0,zi,122.5381326,31.6235952
664308400005229,59202.4272917,19.7016106,0.110201687,0,zi,122.5380875,31.6234814
664308400005229,59205.3439699,19.7301102,0.112330526,0,zi,122.5380186,31.6235429
664308400005229,59216.4667361,19.5808582,0.101453371,0,zi,122.5380226,31.6234694
