oid,mjd,mag,magerr,catflags,filtercode,ra,dec
465312400007016,59181.4337384,18.6814919,0.0528284684,0,zi,128.2095112,4.955261
465312400007016,59184.3766667,18.7052555,0.0537549257,0,zi,128.2095127,4.9551791
465312400007016,59187.3168287,18.9765053,0.0655560493,32768,zi,128.2096831,4.9553322
465312400007016,59190.3911111,18.6784725,0.0527119823,0,zi,128.2095182,4.9551902
465312400007016,59199.4621065,18.6582966,0.0519401468,0,zi,128.2095094,4.9552194
465312400007016,59202.4767014,18.6739101,0.0525363758,0,zi,128.2095476,4.9552007
465312400007016,59206.4621296,18.7405128,0.0551602542,32768,zi,128.2095301,4.9553269
465312400007016,59216.4638889,18.7295074,0.0547176078,0,zi,128.2095383,4.9552253
