oid,mjd,mag,magerr,catflags,filtercode,ra,dec
618308100003607,59164.4994329,20.0905838,0.14520064,0,zi,133.7130004,25.6799411
618308100003607,59166.5194213,20.3346252,0.162672102,0,zi,133.713008,25.6799112
618308100003607,59184.4023843,20.0501175,0.142060742,0,zi,133.7130814,25.680008
618308100003607,59210.4438079,20.0062237,0.138621986,0,zi,133.7132009,25.6799095
618308100003607,59217.3013773,19.8508778,0.126375616,0,zi,133.7130589,25.6799709
