oid,mjd,mag,magerr,catflags,filtercode,ra,dec
665306200002800,59184.4081944,17.3908272,0.0244245548,0,zi,133.7602579,32.6551105
665306200002800,59190.3978009,17.4076996,0.0246563777,0,zi,133.76023,32.6551037
665306200002800,59199.4692477,17.4458447,0.0251970384,0,zi,133.7602522,32.655109
665306200002800,59202.4464005,17.4013786,0.0245690122,0,zi,133.7602754,32.6551104
665306200002800,59205.3444444,17.42626,0.0249165613,0,zi,133.760266,32.6550896
