oid,mjd,mag,magerr,catflags,filtercode,ra,dec
568309400009064,59166.5161343,18.2516899,0.0434609391,0,zi,134.0195247,19.2229947
568309400009064,59176.4774769,18.2723713,0.044145152,0,zi,134.019509,19.2229927
568309400009064,59184.4076852,18.342247,0.0465464368,0,zi,134.0195187,19.2229863
568309400009064,59190.3782407,18.2588768,0.0436973609,0,zi,134.0195559,19.2230131
568309400009064,59199.464919,18.2605667,0.0437531769,0,zi,134.0195081,19.223003
568309400009064,59202.4756829,18.3400116,0.0464674421,0,zi,134.0195274,19.2230012
568309400009064,59205.4005787,18.3783951,0.0478442498,32768,zi,134.0195012,19.2229771
568309400009064,59210.4442708,18.24366,0.0431984849,0,zi,134.0195227,19.2229872
568309400009064,59217.3023264,18.2727966,0.0441593602,0,zi,134.0195313,19.2230451
