oid,mjd,mag,magerr,catflags,filtercode,ra,dec
618303400000858,59164.4994329,20.3659077,0.170856357,0,zi,135.4704319,23.1661342
618303400000858,59181.4351505,20.1410007,0.159187913,0,zi,135.4703391,23.1660047
618303400000858,59190.3791782,20.105669,0.156841666,0,zi,135.4703071,23.1662219
