oid,mjd,mag,magerr,catflags,filtercode,ra,dec
569315200018518,59166.5180093,20.2875843,0.176323354,0,zi,136.2730017,21.8787358
569315200018518,59210.4428472,20.2098484,0.173612893,0,zi,136.2730978,21.8787272
