oid,mjd,mag,magerr,catflags,filtercode,ra,dec
710304300019253,58261.1905093,19.3957386,0.115396991,0,zi,136.5230112,37.3596862
710304300019253,59164.492963,19.8524761,0.152383551,0,zi,136.5230678,37.3596411
710304300019253,59181.4365625,19.8120575,0.149110243,0,zi,136.5230658,37.3595782
710304300019253,59184.4086574,19.7224827,0.141765863,0,zi,136.5230755,37.3596345
710304300019253,59190.3810532,19.76614,0.145355657,0,zi,136.5231181,37.3596584
710304300019253,59199.4764583,19.4420815,0.119011596,0,zi,136.523188,37.3598187
710304300019253,59202.4474537,19.9494171,0.160029441,0,zi,136.5232221,37.3596176
710304300019253,59205.4048611,19.8406143,0.151426822,32768,zi,136.5230998,37.3596553
