oid,mjd,mag,magerr,catflags,filtercode,ra,dec
785306300005734,58257.201331,19.4099617,0.104471542,0,zi,136.9999558,53.4365857
785306300005734,58261.1914236,19.5473766,0.11487598,0,zi,136.9998129,53.4366832
785306300005734,58912.3122222,19.6944714,0.126603052,0,zi,136.9999354,53.43665
785306300005734,58915.2613079,19.46698,0.108714618,0,zi,136.999887,53.4366477
785306300005734,59184.4101389,19.7282124,0.129356593,0,zi,137.0000321,53.4366602
785306300005734,59190.3820023,19.593605,0.118504569,0,zi,136.9999365,53.4366163
785306300005734,59199.4454861,19.6380882,0.122048356,0,zi,136.9999177,53.4365928
785306300005734,59202.4536806,19.5730572,0.116884589,0,zi,137.0000124,53.4366377
785306300005734,59205.4062616,20.0364342,0.154623479,32768,zi,137.000089,53.4366146
