oid,mjd,mag,magerr,catflags,filtercode,ra,dec
518313200002015,59166.5166088,18.7901306,0.0789376795,0,zi,138.1398387,15.1872584
518313200002015,59179.3983333,18.9332027,0.0880824625,0,zi,138.139868,15.1873004
518313200002015,59190.3777778,18.6695709,0.0718686804,0,zi,138.1398224,15.1872908
518313200002015,59199.4635185,18.7722473,0.0778523386,0,zi,138.1398751,15.1872853
518313200002015,59202.4288194,18.869976,0.0839403197,0,zi,138.1398033,15.1873309
518313200002015,59205.4001042,18.8022747,0.0796820372,32768,zi,138.1399085,15.1872664
518313200002015,59210.4433218,18.4872093,0.0622666441,32768,zi,138.1398805,15.1872568
518313200002015,59217.3027894,18.6461067,0.0705602914,0,zi,138.1399,15.1872583
