oid,mjd,mag,magerr,catflags,filtercode,ra,dec
619312100018941,58864.3734838,18.8129559,0.0596990362,0,zi,141.0710825,27.4583415
619312100018941,59166.5208218,18.9300251,0.0653521642,0,zi,141.071103,27.4583479
619312100018941,59184.3940278,18.9406567,0.0658897832,0,zi,141.0711469,27.4583589
619312100018941,59187.3173495,18.8690987,0.0623497106,0,zi,141.0711591,27.4584243
619312100018941,59190.3796528,19.0583382,0.0721164569,0,zi,141.0711811,27.4583478
619312100018941,59199.4794907,19.0224266,0.07016211,0,zi,141.0711785,27.4583615
619312100018941,59202.443044,18.7921181,0.0587430298,0,zi,141.0710709,27.4583286
619312100018941,59205.4024769,18.5833988,0.0499626175,32768,zi,141.0711512,27.4582991
619312100018941,59210.4418981,19.0603294,0.0722261965,32768,zi,141.0711133,27.4583871
