oid,mjd,mag,magerr,catflags,filtercode,ra,dec
620315200005660,58585.2484375,19.760828,0.140976578,0,zi,150.0133272,29.0442862
620315200005660,58864.3721181,19.6179466,0.129712,0,zi,150.0133546,29.0443102
620315200005660,59199.4790162,19.4638844,0.117651314,0,zi,150.0135061,29.0442043
1665308200008436,58543.331956,19.4038601,0.149000004,0,zi,150.0133482,29.0442996
1665308200008436,58558.2652315,19.5904999,0.209000006,0,zi,150.0132054,29.0441863
1665308200008436,58585.2479861,19.8158722,0.162,0,zi,150.0132216,29.0443004
1665308200008436,58864.3712153,19.6162663,0.127000004,0,zi,150.0133375,29.044288
