oid,mjd,mag,magerr,catflags,filtercode,ra,dec
620307400003019,58543.332419,19.2763767,0.086274229,0,zi,150.1011154,24.5989708
620307400003019,58585.2484375,19.2230854,0.0829451233,0,zi,150.1011679,24.5986947
