oid,mjd,mag,magerr,catflags,filtercode,ra,dec
468307300005269,59204.4896296,18.9718513,0.0755004808,0,zi,150.2766412,3.052776
468307300005269,59210.4404861,19.0773144,0.081572406,0,zi,150.2766469,3.0527075
