oid,mjd,mag,magerr,catflags,filtercode,ra,dec
711302100009700,58223.2368981,20.3981781,0.181288868,0,zi,150.9034564,38.1251502
711302100009700,58232.2984144,19.6615047,0.126035452,0,zi,150.9033434,38.1250176
711302100009700,58246.2854167,20.3391132,0.178237662,0,zi,150.9034134,38.125387
711302100009700,58585.2456597,20.7940826,0.206082106,0,zi,150.9035294,38.1251251
711302100009700,58628.1643056,20.3870296,0.180754423,0,zi,150.9034901,38.1250277
711302100009700,58912.3104167,20.6307068,0.194407821,0,zi,150.9034738,38.1251806
711302100009700,59204.4914236,20.4137001,0.181998193,0,zi,150.9034409,38.1251365
