oid,mjd,mag,magerr,catflags,filtercode,ra,dec
711301200013555,58223.2368981,20.0314217,0.165134102,0,zi,152.3819534,38.3408221
711301200013555,58246.2854167,20.0775604,0.168635502,0,zi,152.3820844,38.3408262
711301200013555,58581.2909606,20.771698,0.20589602,0,zi,152.3818498,38.34072
711301200013555,58585.2456597,19.9839211,0.161398977,0,zi,152.3821467,38.3408609
711301200013555,58628.1643056,20.2544212,0.180295557,0,zi,152.3820256,38.3408267
711301200013555,59189.5350579,20.0986061,0.170182943,0,zi,152.3819345,38.3408886
711301200013555,59204.4914236,20.4154396,0.18694748,0,zi,152.3820616,38.3408701
