oid,mjd,mag,magerr,catflags,filtercode,ra,dec
572312300013404,58257.1840278,19.361187,0.104456961,0,zi,156.1020329,19.5901609
572312300013404,58558.265706,19.0522175,0.0840626061,0,zi,156.1020742,19.5902232
572312300013404,58855.394213,19.3691597,0.105025917,0,zi,156.1020584,19.5902357
572312300013404,58893.3525579,19.4456425,0.11058072,0,zi,156.1020803,19.5901774
572312300013404,59199.4833796,19.3555756,0.104057714,0,zi,156.1020791,19.590096
572312300013404,59202.4722569,19.2209721,0.0947892219,0,zi,156.1020805,19.5902217
572312300013404,59215.3944213,18.8581467,0.0730085298,0,zi,156.1020156,19.5900469
