oid,mjd,mag,magerr,catflags,filtercode,ra,dec
621307400016019,58257.1831019,19.7108803,0.118536927,0,zi,158.0575472,24.3686181
621307400016019,58558.2675116,19.4617786,0.100143991,0,zi,158.0574276,24.3686003
621307400016019,58585.2498032,19.4332008,0.0981465131,0,zi,158.0575074,24.3686622
621307400016019,58855.3933102,19.693079,0.117173858,0,zi,158.0574708,24.3685927
621307400016019,58884.3337037,19.4562645,0.0997565687,0,zi,158.0577199,24.3687115
621307400016019,58893.3511921,19.4639931,0.10029991,0,zi,158.0574654,24.3686446
621307400016019,59199.4876042,19.3629856,0.0933530256,0,zi,158.0574549,24.3686239
621307400016019,59202.4439815,19.262722,0.086803712,0,zi,158.0575136,24.3686417
621307400016019,59215.3939468,18.9657536,0.069546923,0,zi,158.0577675,24.3685713
