oid,mjd,mag,magerr,catflags,filtercode,ra,dec
471310200012496,59189.5289005,18.6177731,0.0609650612,0,zi,172.4758499,5.8934049
471310200012496,59199.4857292,18.472538,0.0545616187,0,zi,172.4758111,5.8934496
471310200012496,59202.4602431,18.5598698,0.0583274998,0,zi,172.4758681,5.8933525
471310200012496,59216.4782292,18.4658737,0.0542845055,0,zi,172.4758856,5.8933972
