oid,mjd,mag,magerr,catflags,filtercode,ra,dec
471309200016175,59189.5289005,18.5632019,0.0614928901,0,zi,174.3785769,6.1308886
471309200016175,59199.4857292,18.4914894,0.0581181645,0,zi,174.3785561,6.1309165
471309200016175,59216.4782292,18.4040794,0.0542466119,0,zi,174.3786101,6.1308738
