oid,mjd,mag,magerr,catflags,filtercode,ra,dec
525308100000945,58257.2056597,19.8446712,0.145188421,0,zi,184.369067,11.3574627
525308100000945,58266.213588,19.8175812,0.143007472,0,zi,184.3689384,11.3575234
525308100000945,58283.1798148,20.0694504,0.162300587,0,zi,184.3690334,11.3575009
525308100000945,58581.2745718,20.6707783,0.189356089,0,zi,184.3688351,11.3577689
525308100000945,58585.232037,20.5622463,0.182801247,0,zi,184.3690197,11.3574947
525308100000945,58628.1720139,20.413662,0.178824872,0,zi,184.3691279,11.3575749
525308100000945,58635.1680556,20.5166817,0.1800493,0,zi,184.3691126,11.3576235
525308100000945,58639.1910764,20.8284073,0.198876143,0,zi,184.369043,11.3574989
525308100000945,59216.4977894,20.2335072,0.172419786,0,zi,184.3691135,11.357708
