oid,mjd,mag,magerr,catflags,filtercode,ra,dec
1670316100000492,58558.3046875,19.9167309,0.12392246,0,zi,189.1541778,33.3709756
1670316100000492,58594.3112731,19.3319435,0.088701345,0,zi,189.1542159,33.3707587
1670316100000492,58893.3950926,20.1461391,0.13526389,0,zi,189.154222,33.3711487
1670316100000492,58954.3505787,19.9478703,0.125660509,0,zi,189.1541989,33.3710011
1670316100000492,58955.3481829,20.0833626,0.132562608,0,zi,189.1541901,33.3711483
1670316100000492,58966.305706,19.4891701,0.0980379954,32768,zi,189.1540942,33.3710483
1670316100000492,58970.3319907,19.7331448,0.113025367,0,zi,189.1544135,33.3710565
1670316100000492,58971.3287616,19.9307785,0.124712035,0,zi,189.15446,33.3709767
