oid,mjd,mag,magerr,catflags,filtercode,ra,dec
525301100016032,58257.2056597,20.6637039,0.179949284,0,zi,190.0507125,8.848822999999998
525301100016032,58278.1727546,20.426693,0.176146299,0,zi,190.0506202,8.8489111
525301100016032,58581.2745718,20.4183846,0.17639865,0,zi,190.0505426,8.8487185
525301100016032,58605.2069329,20.5284386,0.17389071,0,zi,190.050625,8.848746699999998
525301100016032,58639.1910764,20.3163052,0.177539438,0,zi,190.0506397,8.8487712
