oid,mjd,mag,magerr,catflags,filtercode,ra,dec
423311400022481,59188.4858681,19.1724796,0.0852110684,0,zi,192.0515442,-2.4283139
423311400022481,59216.4820139,19.1163139,0.0818327144,0,zi,192.051638,-2.4283689
