oid,mjd,mag,magerr,catflags,filtercode,ra,dec
423306300000842,59188.4858681,19.1909809,0.0902466923,0,zi,192.9116545,-3.6853024
