oid,mjd,mag,magerr,catflags,filtercode,ra,dec
693303300000500,58751.3459954,20.8525143,0.210165143,0,zi,351.1025323,30.4071132
