oid,mjd,mag,magerr,catflags,filtercode,ra,dec
1599314100012092,58747.3693866,20.2181377,0.145732239,0,zi,24.9010897,25.956355
1599314100012092,58750.3476042,20.3187256,0.149938822,0,zi,24.9010258,25.956467
1599314100012092,58757.3712269,20.517664,0.154206157,0,zi,24.9009959,25.9564678
1599314100012092,59108.3542593,20.5064449,0.153610826,0,zi,24.9010124,25.9564321
1599314100012092,59114.3851157,20.304493,0.149425119,0,zi,24.9010076,25.9563355
1599314100012092,59119.3096875,20.4203053,0.152638629,0,zi,24.9009888,25.9564832
1599314100012092,59140.3449769,20.4278889,0.152763039,0,zi,24.9009928,25.9563055
1599314100012092,59165.2706134,20.5106621,0.153834581,0,zi,24.9010612,25.9564262
