oid,mjd,mag,magerr,catflags,filtercode,ra,dec
400314400004297,58351.3387384,20.4620228,0.18524313,0,zi,31.3494423,-0.2777449
400314400004297,58375.3152315,20.2659187,0.181174174,0,zi,31.349343,-0.2777722
400314400004297,58733.4201968,20.7240639,0.198092461,0,zi,31.3494999,-0.2775948999999999
400314400004297,58738.4010417,19.9462204,0.160779044,0,zi,31.3496151,-0.2777835
400314400004297,58747.3563079,20.2738953,0.181510225,0,zi,31.3495883,-0.2777875
400314400004297,58751.3787037,20.2194023,0.178991228,0,zi,31.3495149,-0.2777241999999999
400314400004297,58757.3591551,20.2263641,0.179340929,0,zi,31.3495844,-0.2775387999999999
