oid,mjd,mag,magerr,catflags,filtercode,ra,dec
352314200008979,59182.2910417,18.9185944,0.0847919136,0,zi,54.8245464,-6.3470071
352314200008979,59184.3311343,19.0124245,0.0907372758,0,zi,54.8244658,-6.3468963
352314200008979,59187.2745602,18.8812847,0.0825189427,0,zi,54.8244339,-6.3469841
352314200008979,59190.2524769,18.9463615,0.086517334,0,zi,54.8243799,-6.3468613
352314200008979,59200.2849421,19.0455418,0.0929128826,0,zi,54.8245133,-6.3469189
352314200008979,59211.206412,19.1107044,0.0973083079,0,zi,54.8245266,-6.3468776
