oid,mjd,mag,magerr,catflags,filtercode,ra,dec
566315200007230,59184.4037847,19.0687084,0.0788162947,0,zi,115.7303969,22.1350445
566315200007230,59189.4241319,18.9507465,0.0722761005,0,zi,115.7303636,22.1351119
566315200007230,59199.4409606,19.1823215,0.085557729,0,zi,115.7304208,22.135074
566315200007230,59202.4205093,19.2743244,0.091324389,0,zi,115.7303438,22.1349822
566315200007230,59205.3416088,19.1899662,0.0860266164,0,zi,115.7304097,22.1350779
566315200007230,59216.465787,19.4216042,0.101083763,0,zi,115.7304021,22.1350711
