oid,mjd,mag,magerr,catflags,filtercode,ra,dec
707309300016227,59140.4909144,20.3583546,0.167020828,0,zi,117.7433653,41.2851092
707309300016227,59177.4477315,20.0983849,0.147556961,0,zi,117.7435165,41.2850579
707309300016227,59182.3297106,19.9114742,0.132445082,0,zi,117.7434556,41.2850151
707309300016227,59184.4164236,19.9083939,0.132196203,0,zi,117.7434696,41.2850026
707309300016227,59188.4669444,20.0841846,0.146418899,0,zi,117.7431721,41.2849367
707309300016227,59202.4566204,20.0304298,0.142083973,0,zi,117.7432508,41.2849396
707309300016227,59205.3463194,20.3480053,0.166325897,0,zi,117.7435449,41.2850135
