oid,mjd,mag,magerr,catflags,filtercode,ra,dec
748313200012255,58261.1608102,19.0909119,0.0986573175,0,zi,123.1806432,51.1514083
748313200012255,59140.4970486,19.8395233,0.163389236,0,zi,123.1814938,51.1517078
748313200012255,59177.4194444,19.6801262,0.148974627,0,zi,123.1814812,51.1517099
748313200012255,59182.3516088,19.626606,0.144082487,0,zi,123.1813194,51.151756
748313200012255,59187.3250926,19.6588268,0.147027016,0,zi,123.1816013,51.1517479
748313200012255,59190.387338,19.7266579,0.153223112,0,zi,123.1814327,51.1516654
748313200012255,59202.4561458,19.7302208,0.153547764,0,zi,123.1814123,51.1517189
748313200012255,59205.3458449,19.7608223,0.156328663,32768,zi,123.1814985,51.151697
