oid,mjd,mag,magerr,catflags,filtercode,ra,dec
516313200015799,59189.4236574,19.35326,0.109170578,0,zi,123.924362,14.8097855
