oid,mjd,mag,magerr,catflags,filtercode,ra,dec
465304300001982,59202.4767014,20.0693703,0.154537708,0,zi,127.7161704,1.5331961
