oid,mjd,mag,magerr,catflags,filtercode,ra,dec
465315300009353,59181.4337384,18.8373432,0.0679646879,0,zi,129.4613913,6.6092985
465315300009353,59184.3766667,19.0143089,0.0774374828,0,zi,129.4613301,6.6094087
465315300009353,59190.3911111,19.0576134,0.0799171478,0,zi,129.461317,6.6093357
465315300009353,59199.4621065,18.9970913,0.0764691159,0,zi,129.4614569,6.6093723
465315300009353,59202.4767014,19.1289768,0.0841404349,0,zi,129.4613841,6.609343
465315300009353,59206.4621296,19.1248455,0.0838913172,32768,zi,129.4614446,6.6093986
465315300009353,59216.4638889,19.1631718,0.086223565,0,zi,129.4613111,6.6093384
