oid,mjd,mag,magerr,catflags,filtercode,ra,dec
784305200012858,58915.2686921,19.7903709,0.128779113,0,zi,130.4218299,54.0491524
784305200012858,59140.4979861,19.9381142,0.141098306,0,zi,130.4217351,54.0491521
784305200012858,59184.4096528,20.0172424,0.147729531,0,zi,130.4218363,54.0491986
