oid,mjd,mag,magerr,catflags,filtercode,ra,dec
709311100006926,58257.1715625,19.4596806,0.100770853,0,zi,131.1313378,42.0086986
709311100006926,59179.3858796,19.6069431,0.111535281,0,zi,131.1313801,42.0087742
709311100006926,59180.4151968,19.1898003,0.0830185786,0,zi,131.1313986,42.0086835
709311100006926,59190.3887384,19.6122437,0.111935347,0,zi,131.1313323,42.0086842
709311100006926,59199.4459722,19.5463924,0.107025355,0,zi,131.1313697,42.0087461
709311100006926,59202.4268287,19.381731,0.095369257,0,zi,131.1314248,42.0087598
