oid,mjd,mag,magerr,catflags,filtercode,ra,dec
568302200003315,59166.5161343,19.0437393,0.0705991909,0,zi,131.7565276,16.3065073
568302200003315,59176.4774769,19.0668144,0.0718375072,0,zi,131.7564918,16.306522
568302200003315,59184.4076852,19.0893021,0.0730625615,0,zi,131.7565316,16.3065042
568302200003315,59190.3782407,19.0264835,0.0696853921,0,zi,131.7565154,16.3064742
568302200003315,59199.464919,19.014761,0.0690706894,0,zi,131.7564568,16.3064322
568302200003315,59202.4756829,19.0667286,0.0718328804,0,zi,131.7565267,16.3064929
568302200003315,59205.4005787,19.0007591,0.0683427453,32768,zi,131.7566228,16.3064743
568302200003315,59210.4442708,19.0753708,0.0723015368,0,zi,131.7564914,16.3065093
568302200003315,59217.3023264,19.1211548,0.07482858,0,zi,131.7564702,16.3064618
