oid,mjd,mag,magerr,catflags,filtercode,ra,dec
749301300009028,58257.173588,19.6885147,0.137255445,0,zi,132.0451369,44.0458607
749301300009028,58912.3126852,19.8480492,0.150801659,0,zi,132.0451342,44.0457376
749301300009028,59140.4989236,19.9103718,0.156030759,0,zi,132.0453072,44.0457938
749301300009028,59202.4263542,19.6987953,0.13812682,0,zi,132.0451714,44.0457975
749301300009028,59205.3453819,19.8039799,0.147067547,0,zi,132.0452427,44.0458205
