oid,mjd,mag,magerr,catflags,filtercode,ra,dec
665307100000471,59184.4081944,19.8702469,0.129052609,0,zi,132.3422516,33.2099492
665307100000471,59199.4692477,19.517601,0.102491632,0,zi,132.3421031,33.2099312
665307100000471,59202.4464005,19.4360867,0.0968027338,0,zi,132.3420509,33.2099072
665307100000471,59205.3444444,19.6406288,0.111453041,0,zi,132.3422158,33.2099194
