oid,mjd,mag,magerr,catflags,filtercode,ra,dec
785312100005495,58257.201331,19.6162624,0.113649838,0,zi,132.6695055,56.1912412
785312100005495,58261.1650463,19.331337,0.0934656113,0,zi,132.6696861,56.1911704
785312100005495,58912.3122222,19.6304512,0.114709377,0,zi,132.6697918,56.1911588
785312100005495,58915.2613079,19.507225,0.105658874,0,zi,132.6695686,56.191241
785312100005495,59184.4101389,19.6563644,0.116654545,0,zi,132.6696685,56.1911502
785312100005495,59187.3221644,19.9984951,0.142723352,0,zi,132.6696399,56.1912692
785312100005495,59190.3820023,19.6171169,0.113713562,0,zi,132.6696632,56.1912053
785312100005495,59202.4536806,19.7951813,0.127234772,0,zi,132.669574,56.1911738
785312100005495,59205.4062616,19.6639919,0.117229357,32768,zi,132.6697259,56.1912138
