oid,mjd,mag,magerr,catflags,filtercode,ra,dec
816304200002786,58257.2008796,19.4353619,0.113540985,0,zi,133.411197,59.6772861
816304200002786,58261.1845833,19.4642353,0.115783542,0,zi,133.4112144,59.6773714
816304200002786,58261.1984028,19.6326447,0.129247159,0,zi,133.411214,59.6773096
816304200002786,58915.2608565,19.6455326,0.13029778,0,zi,133.4111872,59.6774173
816304200002786,59184.3387616,19.7261486,0.136901796,0,zi,133.4114098,59.6772771
816304200002786,59190.3824769,19.9887638,0.157997414,0,zi,133.4112096,59.6774808
816304200002786,59199.4745023,19.496212,0.118292741,0,zi,133.4112314,59.6773966
816304200002786,59202.4532176,19.7105331,0.135619894,0,zi,133.4114068,59.6773858
816304200002786,59205.3506366,19.4629936,0.115686685,32768,zi,133.4112387,59.6773616
