oid,mjd,mag,magerr,catflags,filtercode,ra,dec
785311400013568,58261.1914236,20.1945572,0.158679217,0,zi,135.7903337,55.2046433
785311400013568,59184.4101389,20.6254768,0.18238616,0,zi,135.7904439,55.2044878
