oid,mjd,mag,magerr,catflags,filtercode,ra,dec
415309300006474,59184.3971644,19.8640442,0.153142154,0,zi,138.1843825,-2.4098449
415309300006474,59188.4621875,19.4750557,0.119931392,0,zi,138.1845266,-2.409925
415309300006474,59199.462581,19.7864799,0.146473512,0,zi,138.1844794,-2.4099121
