oid,mjd,mag,magerr,catflags,filtercode,ra,dec
466305100012742,59184.3857523,19.0656891,0.0876474977,0,zi,140.7754811,3.6955125
466305100012742,59190.3773032,19.023716,0.0849432275,0,zi,140.7755522,3.6954627
466305100012742,59199.463044,19.0693016,0.0878835171,0,zi,140.7754801,3.6954845
466305100012742,59202.4401852,19.1314754,0.0920235291,0,zi,140.7754952,3.6955448
466305100012742,59217.3032639,19.0916481,0.0893542916,0,zi,140.7755667,3.69549
467308200013227,59204.4886921,19.3073807,0.0972200558,0,zi,140.7755447,3.6955172
