oid,mjd,mag,magerr,catflags,filtercode,ra,dec
468304200003031,58257.1849537,19.1234703,0.0959960744,0,zi,148.1059668,2.1670921
468304200003031,59200.484838,18.9497261,0.0847861618,32768,zi,148.1058964,2.1669942
468304200003031,59204.4896296,19.1028271,0.0946082249,0,zi,148.1059611,2.1670159
468304200003031,59210.4404861,18.9565201,0.0852040574,0,zi,148.105874,2.1671134
