oid,mjd,mag,magerr,catflags,filtercode,ra,dec
571304300000959,58257.1835648,18.8420868,0.0774749145,0,zi,149.0207167,15.9328836
571304300000959,58558.2620718,18.9368019,0.0832360834,0,zi,149.0207302,15.9330027
571304300000959,58855.3946644,18.9287243,0.0827310756,0,zi,149.0207785,15.9329377
571304300000959,59179.4006713,19.1661186,0.0986242592,0,zi,149.0207635,15.932896
571304300000959,59202.442581,19.0044441,0.0875649601,0,zi,149.0207555,15.9329854
