oid,mjd,mag,magerr,catflags,filtercode,ra,dec
571308400009494,58257.1835648,19.0338535,0.0756417811,0,zi,149.2830713,17.4845454
571308400009494,58558.2620718,18.9135208,0.0691090375,0,zi,149.2830899,17.4845698
571308400009494,58855.3946644,18.8076019,0.0637895018,0,zi,149.2830855,17.4845106
571308400009494,59179.4006713,18.7578907,0.061428532,0,zi,149.2830923,17.4845411
571308400009494,59199.4829167,18.8467159,0.0657076463,0,zi,149.2830976,17.4845126
571308400009494,59202.442581,18.8420601,0.0654765442,0,zi,149.2830125,17.4845558
571308400009494,59205.4167361,18.1495209,0.0388305038,32768,zi,149.2829807,17.4846297
