oid,mjd,mag,magerr,catflags,filtercode,ra,dec
571315300003150,58257.1835648,19.4999199,0.120934308,0,zi,150.6048368,21.4327531
571315300003150,58558.2620718,19.1331482,0.0938031599,0,zi,150.6048651,21.432723
571315300003150,58855.3946644,19.2197227,0.0998225063,0,zi,150.6049492,21.4327223
571315300003150,59179.4006713,19.3664112,0.110596001,0,zi,150.6048262,21.4328261
571315300003150,59199.4829167,19.1992512,0.098375313,0,zi,150.6049784,21.4327368
571315300003150,59202.442581,19.2571888,0.102508202,0,zi,150.6047885,21.4326865
