oid,mjd,mag,magerr,catflags,filtercode,ra,dec
786301300001714,58257.174537,19.4404602,0.116057232,0,zi,151.3197814,51.8595594
786301300001714,58257.1779051,19.2743702,0.103475213,0,zi,151.3198892,51.8595623
786301300001714,58912.3081481,19.4370327,0.115790367,0,zi,151.3198101,51.8595283
786301300001714,59184.4110764,19.3538818,0.109403372,0,zi,151.3198183,51.8595219
786301300001714,59190.3829398,19.5680237,0.126149222,0,zi,151.3198494,51.8595194
786301300001714,59200.4926273,19.0238609,0.0861762464,0,zi,151.3195823,51.8594549
786301300001714,59203.267662,18.9852982,0.083715938,0,zi,151.3203204,51.8592336
786301300001714,59206.4666898,19.1266785,0.093006596,32768,zi,151.3197071,51.8595381
786301300001714,59216.4698032,19.2539215,0.10198205,0,zi,151.3197902,51.8595555
