oid,mjd,mag,magerr,catflags,filtercode,ra,dec
1665316400004314,58543.331956,19.4590149,0.175999999,0,zi,151.2528354,31.979927
1665316400004314,58558.2652315,19.499855,0.143000007,0,zi,151.2529356,31.9799579
1665316400004314,58585.2479861,19.7033615,0.184,32768,zi,151.2528996,31.9800258
1665316400004314,58864.3712153,19.5799942,0.143000007,0,zi,151.2528822,31.9800531
