oid,mjd,mag,magerr,catflags,filtercode,ra,dec
468306100004206,58257.1849537,19.6247463,0.130761951,0,zi,152.2485161,3.865214
468306100004206,59200.484838,19.156002,0.0937314406,32768,zi,152.248547,3.8653179
468306100004206,59204.4896296,19.3116188,0.10523735,0,zi,152.2485013,3.8652481
