oid,mjd,mag,magerr,catflags,filtercode,ra,dec
572307300015858,58257.1840278,18.956768,0.0745156705,0,zi,157.575636,17.1885349
572307300015858,58558.265706,19.1493454,0.0859842598,0,zi,157.5756953,17.1885597
572307300015858,58855.394213,19.1172848,0.0839785859,0,zi,157.5757153,17.1885498
572307300015858,58893.3525579,19.2473488,0.0923509374,0,zi,157.5757095,17.1885397
572307300015858,59199.4833796,19.0859585,0.082055971,0,zi,157.5756912,17.1884922
572307300015858,59202.4722569,19.1578999,0.0865258798,0,zi,157.5757121,17.1885485
