oid,mjd,mag,magerr,catflags,filtercode,ra,dec
572303300001084,58257.1840278,18.4534111,0.0547674485,0,zi,157.6593418,15.9166242
572303300001084,58558.265706,18.4963837,0.056549985,0,zi,157.6593314,15.9165741
572303300001084,58855.394213,18.5544014,0.0590526089,0,zi,157.6593676,15.9165851
572303300001084,58893.3525579,18.6220074,0.0621118098,0,zi,157.6593874,15.9165978
572303300001084,59199.4833796,18.4752865,0.0556674302,0,zi,157.6593617,15.9166146
572303300001084,59202.4722569,18.4984207,0.0566359833,0,zi,157.6593766,15.9166259
572303300001084,59215.3944213,18.3611813,0.0511391647,0,zi,157.6593935,15.9166687
