oid,mjd,mag,magerr,catflags,filtercode,ra,dec
522302100001502,58893.3521065,20.481123,0.176522091,0,zi,166.4419357,9.3129261
522302100001502,58904.3337616,20.4776497,0.176495716,0,zi,166.4420185,9.3129991
