oid,mjd,mag,magerr,catflags,filtercode,ra,dec
420314200000436,59189.5284259,18.865345,0.0847552419,0,zi,171.3809337,1.0286615
420314200000436,59199.4852546,18.8134575,0.0815098435,0,zi,171.3808835,1.0285858
420314200000436,59202.4597801,18.5832825,0.0683741346,0,zi,171.3808884,1.0286504
471303400006450,59189.5289005,18.8714771,0.0823348984,0,zi,171.3809504,1.0286502
471303400006450,59199.4857292,18.7356129,0.0744420663,0,zi,171.3808326,1.0286395
471303400006450,59202.4602431,18.8126678,0.0788319558,0,zi,171.3808651,1.028605
471303400006450,59216.4782292,18.6918316,0.0720478669,0,zi,171.3809477,1.0285981
