oid,mjd,mag,magerr,catflags,filtercode,ra,dec
471314100005979,59216.4782292,19.574995,0.141514122,0,zi,173.376983,7.4999877
