oid,mjd,mag,magerr,catflags,filtercode,ra,dec
715312100022201,58247.1599074,20.3108597,0.14792189,0,zi,180.6950075,42.3462879
715312100022201,58257.1907523,20.4679737,0.157436848,0,zi,180.6950794,42.3463419
715312100022201,58257.1985069,20.2021141,0.14046587,0,zi,180.6950735,42.3462681
715312100022201,58261.2592708,19.9969444,0.125616997,0,zi,180.6949579,42.3463187
715312100022201,58266.2159375,20.0043983,0.126161575,0,zi,180.6951232,42.3463868
715312100022201,58278.1747222,20.2289124,0.142346516,0,zi,180.6950636,42.3462188
715312100022201,58282.1842708,20.256752,0.144273475,0,zi,180.6950954,42.3461712
715312100022201,58883.3831134,17.999897,0.032630533,65535,zi,180.6947074,42.3466285
715312100022201,58912.3451273,20.2073269,0.140833408,65535,zi,180.6951329,42.3464833
