oid,mjd,mag,magerr,catflags,filtercode,ra,dec
422313200008839,58257.2070718,19.7952003,0.159352139,0,zi,187.7003803,0.789884
422313200008839,59188.4854051,18.9530621,0.0941093862,0,zi,187.7002539,0.7900055999999999
422313200008839,59201.5266435,19.5914421,0.143620968,0,zi,187.7004725,0.7899076
