oid,mjd,mag,magerr,catflags,filtercode,ra,dec
1755106300001559,58439.5210069,20.6311722,0.156087637,0,zg,192.2968569,42.8202084
1755106300001559,58522.4508681,20.6622505,0.15797174,0,zg,192.2968348,42.8201917
1755106300001559,58567.4072222,20.3225803,0.139934018,32768,zg,192.2968571,42.8202303
1755106300001559,58580.2452431,20.7238274,0.161705017,0,zg,192.2968991,42.8201246
1755106300001559,58585.2288889,20.7747917,0.164794922,0,zg,192.297013,42.8201731
1755106300001559,58836.5682176,20.7921696,0.165848494,0,zg,192.2967229,42.8202268
1755106300001559,58968.2558333,21.1493492,0.187503338,0,zg,192.2970227,42.8201743
1755106300001559,58968.2562963,21.2331696,0.192585111,0,zg,192.2970663,42.8201658
