oid,mjd,mag,magerr,catflags,filtercode,ra,dec
1757314200014666,58936.351794,19.207016,0.0767996684,0,zi,211.3331176,47.7650156
1757314200014666,58954.3543171,19.1090279,0.0718757212,0,zi,211.3332053,47.7649941
1757314200014666,58955.3519329,19.1689301,0.0748576149,0,zi,211.3331438,47.7650033
1757314200014666,58962.3957755,19.1241341,0.0726191625,0,zi,211.3330828,47.7650361
1757314200014666,58966.2826273,18.9363594,0.0638039336,32768,zi,211.3330705,47.7650486
1757314200014666,58971.3311227,19.146677,0.0737393573,0,zi,211.3331432,47.7650156
1757314200014666,58972.3306481,19.0230827,0.0677587464,0,zi,211.3330132,47.7649528
1757314200014666,58975.3265972,19.0612297,0.0695621446,0,zi,211.3330573,47.7650091
1757314200014666,58979.3950231,18.9509544,0.0644552708,0,zi,211.3331707,47.7649375
