oid,mjd,mag,magerr,catflags,filtercode,ra,dec
1757114300001425,58540.4266435,20.7642078,0.155069232,0,zg,211.8158731,46.6640568
1757114300001425,58640.1800579,20.815443,0.157799959,0,zg,211.8160258,46.6638955
1757114300001425,58640.1805093,20.9407654,0.164479375,0,zg,211.815943,46.6638658
1757114300001425,58643.185081,20.7424355,0.153908849,0,zg,211.8161291,46.6639353
1757114300001425,58643.1855324,20.4788094,0.140449107,0,zg,211.8157882,46.6639311
1757114300001425,58995.1621991,20.6639442,0.149725437,0,zg,211.8159955,46.6638922
1757114300001425,59000.2442477,20.806694,0.157333612,0,zg,211.8161768,46.6640392
