oid,mjd,mag,magerr,catflags,filtercode,ra,dec
1525111300001830,58507.5360301,19.8268127,0.103004448,0,zg,222.1159636,8.691783
1525111300001830,58567.4845833,20.0963326,0.117390394,0,zg,222.1160722,8.6919404
1525111300001830,58963.33,20.3735523,0.127340823,0,zg,222.115995,8.6918733
1525111300001830,58963.3304514,20.2643814,0.12438345,0,zg,222.1159732,8.6918558
