oid,mjd,mag,magerr,catflags,filtercode,ra,dec
1577110200000145,58236.3307755,18.7178936,0.0500392057,0,zg,228.0658226,17.1105758
1577110200000145,58507.5387847,18.8226681,0.054001499,0,zg,228.0657499,17.1105982
1577110200000145,58567.4356829,18.4558353,0.0413203016,0,zg,228.0656624,17.1107695
1577110200000145,58944.4357407,18.7050896,0.0495741256,0,zg,228.0657529,17.1106055
1577110200000145,58944.4370949,18.9050922,0.057316266,0,zg,228.0657412,17.1106481
1577110200000145,58963.3327199,18.8146019,0.0536864698,0,zg,228.0657342,17.1106149
1577110200000145,58963.3331713,18.7987461,0.0530721284,0,zg,228.0657354,17.110641
