oid,mjd,mag,magerr,catflags,filtercode,ra,dec
402306200001494,59182.2901042,19.1973248,0.0999637321,0,zi,44.1939994,-2.9127432
402306200001494,59184.3297338,19.270092,0.105421931,0,zi,44.1938848,-2.9127981
402306200001494,59187.2697454,19.2081337,0.100761682,0,zi,44.1937319,-2.9127405
402306200001494,59190.2572106,19.4529419,0.119969316,32768,zi,44.1938931,-2.9128016
402306200001494,59200.2830671,19.2593727,0.104605243,0,zi,44.1939288,-2.9127957
402306200001494,59203.253044,19.2350368,0.102767229,0,zi,44.1939013,-2.9127547
402306200001494,59211.1896065,19.2145729,0.1012391,0,zi,44.1938983,-2.9127551
402306200001494,59217.208287,19.471077,0.121469066,0,zi,44.19402,-2.9128121
