oid,mjd,mag,magerr,catflags,filtercode,ra,dec
402310100000065,59184.3297338,19.770092,0.141171455,0,zi,45.3406599,-0.822397
402310100000065,59187.2697454,19.5057735,0.119689234,0,zi,45.3405038,-0.8222880999999999
402310100000065,59211.1896065,19.7027588,0.135656416,0,zi,45.3408611,-0.8225253999999999
402310100000065,59217.208287,19.506918,0.119780183,0,zi,45.3406177,-0.8223567
