oid,mjd,mag,magerr,catflags,filtercode,ra,dec
663316400018719,58561.1245139,19.4035225,0.0992395431,0,zi,114.6216058,35.5046972
663316400018719,59140.4899769,19.8489647,0.131435066,0,zi,114.6217645,35.5045483
663316400018719,59182.3497338,19.6863785,0.119325027,0,zi,114.6218172,35.5045055
663316400018719,59184.4169213,19.8062668,0.128246352,0,zi,114.6217263,35.5044935
663316400018719,59188.4659838,19.8393383,0.130716562,0,zi,114.6217471,35.5045344
663316400018719,59202.4575579,19.926775,0.137211859,0,zi,114.6216924,35.5045596
663316400018719,59205.3435069,19.5886326,0.112182215,0,zi,114.6217896,35.5045006
