oid,mjd,mag,magerr,catflags,filtercode,ra,dec
707310300011324,59140.4909144,20.2727947,0.156380504,0,zi,114.8454454,41.3892672
707310300011324,59177.4477315,19.810112,0.121401772,0,zi,114.8454771,41.3893292
707310300011324,59181.4463773,20.0011177,0.136155829,0,zi,114.8454809,41.3892929
707310300011324,59184.4164236,19.9748039,0.134115487,0,zi,114.8453927,41.3892331
707310300011324,59188.4669444,20.1632328,0.148518816,0,zi,114.8454806,41.3892855
707310300011324,59199.4711343,19.7671165,0.118136853,0,zi,114.8454603,41.3891639
707310300011324,59202.4566204,20.1543941,0.147861376,0,zi,114.8454078,41.3892411
707310300011324,59205.3463194,19.963583,0.133244783,0,zi,114.8455949,41.3892372
