oid,mjd,mag,magerr,catflags,filtercode,ra,dec
707306200007024,59140.4909144,20.8739796,0.213618994,0,zi,115.4905154,40.2802082
707306200007024,59177.4477315,20.1851349,0.16627571,0,zi,115.4907203,40.2801995
707306200007024,59188.4669444,20.4078808,0.181048378,0,zi,115.4904918,40.2801782
707306200007024,59205.3463194,21.068264,0.228438973,0,zi,115.4905445,40.2801008
