oid,mjd,mag,magerr,catflags,filtercode,ra,dec
707309100011613,59140.4909144,20.3637638,0.173088431,0,zi,119.2071475,42.1092069
707309100011613,59182.3297106,20.5676765,0.182222486,0,zi,119.2069602,42.1092332
