oid,mjd,mag,magerr,catflags,filtercode,ra,dec
464316400003761,59180.4109838,18.7452106,0.0632111952,0,zi,121.4913605,7.1452235
464316400003761,59184.4047222,19.0788956,0.0804892778,0,zi,121.4914356,7.1451201
464316400003761,59199.4658565,19.1887779,0.0870080888,0,zi,121.4913296,7.1450379
464316400003761,59202.4297917,19.2534618,0.0910336226,0,zi,121.4914557,7.1451354
464316400003761,59206.4630671,18.9625015,0.0740326792,32768,zi,121.4914408,7.1451265
