oid,mjd,mag,magerr,catflags,filtercode,ra,dec
663313400017761,59140.4899769,20.6077766,0.182936192,0,zi,121.6209343,35.4389334
663313400017761,59182.3497338,19.8251228,0.142403781,0,zi,121.6210112,35.4389292
663313400017761,59188.4659838,20.1174793,0.163613945,0,zi,121.6209595,35.4389852
663313400017761,59202.4575579,20.0233688,0.157294825,0,zi,121.6209059,35.4389481
663313400017761,59205.3435069,20.4199505,0.176346362,0,zi,121.6210031,35.4389922
664316300008665,59177.444838,19.7261543,0.129201591,0,zi,121.6210765,35.4388454
664316300008665,59181.4413542,20.0155182,0.151117712,0,zi,121.6208653,35.4391294
664316300008665,59205.3439699,20.1865444,0.162214607,0,zi,121.6207973,35.4389638
