oid,mjd,mag,magerr,catflags,filtercode,ra,dec
517311300022448,58257.1705671,19.4264412,0.0913706496,0,zi,127.1206991,12.2053504
517311300022448,59166.5142708,19.8659897,0.122013763,0,zi,127.1208116,12.2055874
517311300022448,59179.3978704,19.8129272,0.118122384,0,zi,127.1205499,12.2054936
517311300022448,59184.3976389,20.1288509,0.141112268,0,zi,127.1206519,12.2055511
517311300022448,59202.4752199,19.78582,0.116145149,0,zi,127.1207591,12.2056127
517311300022448,59204.490625,19.8145714,0.118242569,0,zi,127.1207075,12.2055415
517311300022448,59210.4447338,19.7982922,0.117053762,0,zi,127.1207362,12.2055506
