oid,mjd,mag,magerr,catflags,filtercode,ra,dec
784306100006838,58915.2686921,19.8629227,0.151443616,0,zi,127.548833,54.0301889
784306100006838,59140.4979861,19.9282131,0.157338336,0,zi,127.5488696,54.0301574
784306100006838,59184.4096528,19.7789764,0.143835828,0,zi,127.5488407,54.0301743
784306100006838,59190.3983912,20.0967083,0.172030643,0,zi,127.5486836,54.0301654
784306100006838,59199.4735417,19.7410202,0.140408576,0,zi,127.5485284,54.0299369
784306100006838,59202.4258796,19.639225,0.131325468,0,zi,127.5489182,54.0300143
784306100006838,59205.4067477,19.8803234,0.153019041,0,zi,127.5487898,54.0301675
