oid,mjd,mag,magerr,catflags,filtercode,ra,dec
617305200000601,59164.4998958,20.747673,0.195916653,0,zi,131.4492712,25.9409067
617305200000601,59179.3868403,20.1198387,0.153249711,0,zi,131.4492007,25.9406868
617305200000601,59184.4028472,20.2133865,0.160452783,0,zi,131.4492809,25.9407219
617305200000601,59202.4761458,20.5366859,0.180512667,0,zi,131.4491587,25.9407288
