oid,mjd,mag,magerr,catflags,filtercode,ra,dec
749310100005364,58257.173588,19.4333229,0.105839759,0,zi,131.3654737,49.3287728
749310100005364,58912.3126852,19.5472794,0.114553928,0,zi,131.3655741,49.3286925
749310100005364,58915.2691319,19.629921,0.121129498,0,zi,131.3656743,49.3286541
749310100005364,59140.4989236,19.8171577,0.136621371,0,zi,131.3656343,49.3287003
749310100005364,59190.3878009,19.6499119,0.122748584,0,zi,131.3655748,49.3287585
749310100005364,59199.4730671,20.0320911,0.154701129,0,zi,131.3650202,49.3288153
749310100005364,59202.4263542,19.66502,0.123978846,0,zi,131.3654029,49.3287787
749310100005364,59205.3453819,19.8811836,0.142026633,0,zi,131.3655806,49.3287301
