oid,mjd,mag,magerr,catflags,filtercode,ra,dec
518316100004998,59166.5166088,18.4738083,0.0566622391,0,zi,133.1410797,14.73335
518316100004998,59175.4092824,17.860775,0.0354637951,32768,zi,133.1410272,14.7332953
518316100004998,59179.3983333,18.4635983,0.0562185645,0,zi,133.1410664,14.7334037
518316100004998,59190.3777778,18.408638,0.0538882166,0,zi,133.1410417,14.7334113
518316100004998,59199.4635185,18.5570183,0.0604061969,0,zi,133.1410434,14.733388
518316100004998,59202.4288194,18.4429436,0.0553314276,0,zi,133.1410681,14.7333851
518316100004998,59210.4433218,18.2462826,0.0475540124,32768,zi,133.141115,14.7333406
518316100004998,59217.3027894,18.5160484,0.0585340336,0,zi,133.1410121,14.7333477
