oid,mjd,mag,magerr,catflags,filtercode,ra,dec
569316100008495,59166.5180093,18.8711987,0.0816541761,0,zi,135.3270999,22.2417029
569316100008495,59179.3992708,18.9739819,0.0882824063,0,zi,135.3271084,22.2417722
569316100008495,59184.3981134,18.9676933,0.0878651962,0,zi,135.3270765,22.2417483
569316100008495,59190.3787153,18.8425541,0.0798799545,0,zi,135.3270186,22.2417536
569316100008495,59199.4639815,18.8840122,0.0824581906,0,zi,135.3270905,22.2417381
569316100008495,59202.4283449,19.0518951,0.093576394,0,zi,135.3270298,22.2417426
569316100008495,59210.4428472,18.7947273,0.0769887641,0,zi,135.3270641,22.2416645
569316100008495,59217.5032407,18.8116341,0.0780006796,0,zi,135.3270752,22.2417541
