oid,mjd,mag,magerr,catflags,filtercode,ra,dec
466312400005704,59184.3857523,19.6084156,0.111018136,0,zi,135.2695108,4.9144225
466312400005704,59190.3773032,19.5810852,0.108963475,0,zi,135.2694994,4.9144994
466312400005704,59199.463044,19.4102097,0.0966167375,0,zi,135.2695601,4.9144877
466312400005704,59202.4401852,19.954258,0.138125256,0,zi,135.2694349,4.9146619
