oid,mjd,mag,magerr,catflags,filtercode,ra,dec
569304400006883,59166.5180093,18.1586456,0.0430690572,0,zi,135.2633868,15.8774169
569304400006883,59175.4072801,18.2969875,0.0476143062,32768,zi,135.2633571,15.877387
569304400006883,59179.3992708,18.1593304,0.0430903174,0,zi,135.2634043,15.8774189
569304400006883,59184.3981134,18.1849003,0.0438920856,0,zi,135.2633899,15.8774231
569304400006883,59190.3787153,18.140274,0.0425038077,0,zi,135.2634107,15.8774102
569304400006883,59199.4639815,18.1741714,0.0435535759,0,zi,135.2633796,15.8774318
569304400006883,59202.4283449,18.1215401,0.0419363305,0,zi,135.2634373,15.8774434
569304400006883,59210.4428472,18.0903587,0.0410114415,0,zi,135.2634263,15.8773995
569304400006883,59217.5032407,18.2153053,0.0448680073,0,zi,135.2633921,15.8774132
