oid,mjd,mag,magerr,catflags,filtercode,ra,dec
518301300011635,59166.5166088,19.8602104,0.14383854,0,zi,138.3533615,8.3269905
518301300011635,59179.3983333,19.5461998,0.119284518,0,zi,138.3534209,8.327116399999998
518301300011635,59190.3777778,20.1553288,0.164658606,0,zi,138.3535308,8.3268883
518301300011635,59205.4001042,19.454258,0.112299711,32768,zi,138.3534081,8.3271534
