oid,mjd,mag,magerr,catflags,filtercode,ra,dec
570308400014270,58543.3333218,19.2920551,0.0873865187,0,zi,142.5659694,17.2866773
570308400014270,58558.2597685,19.5128975,0.102085404,0,zi,142.5660283,17.2867578
570308400014270,58864.3743866,19.2340469,0.083818689,0,zi,142.5660052,17.2867369
570308400014270,59179.3997338,19.2104225,0.0824013948,0,zi,142.5659207,17.2866623
570308400014270,59200.4839005,19.0648613,0.0741237402,32768,zi,142.565925,17.2867767
570308400014270,59204.4901157,19.0583076,0.0737693459,0,zi,142.565984,17.2867045
570308400014270,59210.4414236,19.1467171,0.0786824524,0,zi,142.5659264,17.2867506
