oid,mjd,mag,magerr,catflags,filtercode,ra,dec
467303400007995,59184.3862269,19.7947178,0.135421753,0,zi,143.6658004,1.6663627
467303400007995,59204.4886921,19.9646873,0.148005724,0,zi,143.6656327,1.6665293
