oid,mjd,mag,magerr,catflags,filtercode,ra,dec
786308100001334,58261.1841204,20.0944481,0.149028897,0,zi,144.1140707,54.6778689
786308100001334,58912.3081481,20.1270237,0.151410371,0,zi,144.1141845,54.6777606
786308100001334,59184.4110764,20.1316948,0.151747987,0,zi,144.114242,54.6777559
786308100001334,59190.3829398,20.5354366,0.174757361,0,zi,144.1146341,54.6776825
