oid,mjd,mag,magerr,catflags,filtercode,ra,dec
416309200002657,59189.5236574,20.1249809,0.161164001,0,zi,144.6434426,-1.0879942
