oid,mjd,mag,magerr,catflags,filtercode,ra,dec
619305200010947,58864.3734838,19.517498,0.108085319,0,zi,145.8131181,25.9421709
619305200010947,59166.5208218,19.6167583,0.115771405,0,zi,145.8130535,25.9421288
619305200010947,59184.3940278,19.4331055,0.101800919,0,zi,145.8130795,25.9422507
619305200010947,59190.3796528,19.4011803,0.0994885489,0,zi,145.8130985,25.9422527
619305200010947,59199.4794907,19.6168804,0.115780994,0,zi,145.8130629,25.942147
619305200010947,59202.443044,19.6294594,0.116775602,0,zi,145.8130854,25.9421887
619305200010947,59210.4418981,19.7161617,0.123739004,0,zi,145.8130963,25.9421862
