oid,mjd,mag,magerr,catflags,filtercode,ra,dec
520316200011742,59204.4891667,20.0400925,0.170376182,0,zi,147.4628341,15.1921994
