oid,mjd,mag,magerr,catflags,filtercode,ra,dec
570313200003219,58543.3333218,18.0668125,0.0453042015,32768,zi,147.9820314,22.1632192
570313200003219,58558.2597685,18.0843086,0.0459135436,0,zi,147.9820724,22.1632691
570313200003219,58864.3743866,18.2177448,0.0508800335,0,zi,147.9819958,22.1632282
570313200003219,59179.3997338,18.3829136,0.0578587763,0,zi,147.9820077,22.1632231
570313200003219,59186.4145255,17.7527275,0.0358638614,0,zi,147.9820442,22.1632301
570313200003219,59200.4839005,18.0577621,0.044992689,32768,zi,147.9820673,22.1632558
570313200003219,59204.4901157,18.3564472,0.0566755459,0,zi,147.9820257,22.1632104
570313200003219,59210.4414236,18.4112129,0.0591522157,0,zi,147.9821264,22.1632055
