oid,mjd,mag,magerr,catflags,filtercode,ra,dec
711302200012901,58223.2368981,20.7677746,0.203834057,0,zi,149.4849965,37.7580949
711302200012901,58261.2681366,19.9085312,0.144478008,0,zi,149.4849832,37.7578695
711302200012901,58585.2456597,20.3291931,0.176304251,0,zi,149.4850753,37.757985
711302200012901,58607.2597106,20.4357109,0.181884676,0,zi,149.484894,37.7581057
711302200012901,58616.2074769,20.2796097,0.173187792,0,zi,149.4852172,37.7580035
711302200012901,58628.1643056,20.3026257,0.174669236,0,zi,149.4850481,37.7580843
711302200012901,58912.3104167,20.5218201,0.185899734,0,zi,149.4850048,37.7580439
711302200012901,59189.5350579,20.8374138,0.208911896,0,zi,149.4850304,37.7580157
