oid,mjd,mag,magerr,catflags,filtercode,ra,dec
520311400002703,58257.1845023,19.2903976,0.0934541672,0,zi,149.4743516,12.2685404
520311400002703,59179.4002083,18.9302425,0.0718791336,0,zi,149.4742773,12.2685269
