oid,mjd,mag,magerr,catflags,filtercode,ra,dec
620314400002074,58543.332419,19.8386154,0.133422539,0,zi,152.7639837,28.7150941
620314400002074,58585.2484375,20.0589008,0.150059223,0,zi,152.7639182,28.7149452
620314400002074,58864.3721181,20.0583134,0.150017262,0,zi,152.7638224,28.7150229
1665307300000415,58543.331956,19.9499016,0.248999998,0,zi,152.7637594,28.714995
1665307300000415,58558.2652315,19.8581238,0.333000004,0,zi,152.7639082,28.7149754
1665307300000415,58585.2479861,19.8393593,0.156000003,0,zi,152.7638237,28.7150536
1665307300000415,58864.3712153,20.0732422,0.216999993,0,zi,152.7638587,28.7149934
