oid,mjd,mag,magerr,catflags,filtercode,ra,dec
469308100005360,58257.1854167,18.4427376,0.0482013896,0,zi,156.0590239,3.8959536
469308100005360,59199.4819792,18.5092163,0.0506567135,0,zi,156.0590516,3.8958858
469308100005360,59202.4416204,18.5213623,0.0511193275,0,zi,156.0589887,3.8959574
469308100005360,59206.4779167,18.6603756,0.0567333177,32768,zi,156.0589994,3.8958028
