oid,mjd,mag,magerr,catflags,filtercode,ra,dec
470316200002899,59199.4843171,17.9283428,0.0429771058,0,zi,162.0965137,7.796575
470316200002899,59202.4731944,17.9164009,0.0425723754,0,zi,162.0965109,7.7966233
470316200002899,59206.4769792,18.0355263,0.0467994101,32768,zi,162.0965156,7.7966529
470316200002899,59216.4787037,17.9937267,0.045267567,0,zi,162.0964687,7.796626
