oid,mjd,mag,magerr,catflags,filtercode,ra,dec
1667312400001643,58557.3545949,20.0735455,0.129826605,0,zi,166.3362833,30.4827662
1667312400001643,58582.3037847,19.7824116,0.112359583,0,zi,166.3364564,30.4827968
1667312400001643,58855.4161343,20.0909843,0.130763322,0,zi,166.3363571,30.4828476
1667312400001643,58864.395544,19.9953823,0.125419453,0,zi,166.3363179,30.4828369
1667312400001643,58884.332338,20.045187,0.128264487,0,zi,166.3362036,30.4826977
1667312400001643,58893.3475347,20.2927094,0.139725834,0,zi,166.3363783,30.4828194
1667312400001643,58904.3290856,20.5910282,0.14735049,0,zi,166.3363977,30.4828012
1667312400001643,58969.2666088,20.2192955,0.136938363,32768,zi,166.3362985,30.4828334
