oid,mjd,mag,magerr,catflags,filtercode,ra,dec
573305100015927,58558.2679745,19.5607281,0.117911503,0,zi,169.4235867,18.6074153
573305100015927,58582.302419,19.4160023,0.107031681,0,zi,169.4236506,18.6074103
573305100015927,58855.4147685,19.4587021,0.110186853,0,zi,169.4236408,18.6073477
573305100015927,58893.3502894,19.4471397,0.109327495,0,zi,169.4236337,18.6073596
573305100015927,58904.3324074,19.3256073,0.10052906,0,zi,169.4237012,18.6073879
573305100015927,59199.4871412,19.2529221,0.0954903588,0,zi,169.4237275,18.6072247
573305100015927,59202.471794,19.1830769,0.090819411,0,zi,169.423686,18.6073136
