oid,mjd,mag,magerr,catflags,filtercode,ra,dec
472307200000427,58257.2047454,19.0145683,0.0831788406,0,zi,177.0584137,4.4175586
472307200000427,59189.5293634,18.6191597,0.0623143688,0,zi,177.05845,4.4175793
472307200000427,59199.4861921,18.4999657,0.0570617504,0,zi,177.0584535,4.4175536
472307200000427,59202.4611921,18.4989433,0.0570186973,0,zi,177.0584903,4.4175949
472307200000427,59217.520625,18.4097633,0.0533855855,0,zi,177.058385,4.4176132
