oid,mjd,mag,magerr,catflags,filtercode,ra,dec
472307300004545,58257.2047454,18.5652504,0.0580253229,0,zi,177.2578712,3.1160729
472307300004545,59189.5293634,18.8031425,0.0695369765,0,zi,177.2578722,3.1160386
472307300004545,59199.4861921,18.8059692,0.0696856976,0,zi,177.2578152,3.1161118
472307300004545,59202.4611921,18.8974533,0.0746515244,0,zi,177.2578128,3.1160916
472307300004545,59217.520625,18.7809219,0.0683781728,0,zi,177.257787,3.1161083
