oid,mjd,mag,magerr,catflags,filtercode,ra,dec
525304200006987,58232.2950579,20.0290012,0.171280533,0,zi,183.2557622,8.8892509
525304200006987,58266.213588,20.0204163,0.170676187,0,zi,183.2558381,8.8892048
525304200006987,58278.1727546,20.0812111,0.174801141,0,zi,183.2558905,8.889203
525304200006987,58283.1798148,20.0850372,0.175047621,0,zi,183.2556969,8.889195199999998
525304200006987,58585.232037,20.1455727,0.178710401,0,zi,183.2558044,8.8892787
525304200006987,58605.2069329,20.1154327,0.176945314,0,zi,183.2556281,8.889260699999998
525304200006987,58616.1921412,19.8976612,0.161425143,0,zi,183.255769,8.889252799999998
