oid,mjd,mag,magerr,catflags,filtercode,ra,dec
1755310100000448,58558.3074537,19.6038017,0.107609436,0,zi,194.4527017,45.8883842
1755310100000448,58596.3520255,20.1578979,0.139181569,0,zi,194.4528384,45.888342
1755310100000448,58892.4136574,20.0042515,0.13202256,0,zi,194.452949,45.888302
1755310100000448,58955.3505093,20.1487808,0.138823897,0,zi,194.4528571,45.8883448
1755310100000448,58969.2699306,20.015276,0.132604286,0,zi,194.4529722,45.8882599
1755310100000448,58972.3320602,20.3191452,0.143519774,0,zi,194.4529332,45.8882698
1755310100000448,59057.1671528,19.8310623,0.121998549,0,zi,194.452785,45.8882859
1755310100000448,59057.2497685,19.7936859,0.119683728,0,zi,194.4529638,45.8884427
