oid,mjd,mag,magerr,catflags,filtercode,ra,dec
530309200018656,58286.1906829,20.7333126,0.201577783,0,zi,224.6846098,13.1071084
530309200018656,58639.2078588,20.9130745,0.214993358,0,zi,224.6845942,13.1072621
530309200018656,58663.1745833,20.7122383,0.200005054,0,zi,224.684578,13.1067936
530309200018656,58965.3719676,21.0232506,0.223215818,0,zi,224.6844535,13.1072557
530309200018656,59018.2741088,20.9283447,0.216132998,0,zi,224.6845023,13.1075215
530309200018656,59026.2948843,20.9865608,0.220477581,0,zi,224.68454,13.1071665
530309200018656,59044.2533796,20.5764446,0.189870834,0,zi,224.6846037,13.1072637
