oid,mjd,mag,magerr,catflags,filtercode,ra,dec
443309300002949,58333.3577431,20.6166897,0.186214328,0,zi,336.1656444,-1.9561665
443309300002949,58337.4445602,20.7790718,0.19750011,0,zi,336.1654672,-1.9561388
443309300002949,58362.3128009,20.7257729,0.1937958,0,zi,336.1655832,-1.9561665
443309300002949,58725.3062037,20.5735283,0.183214664,0,zi,336.1655,-1.9561136
443309300002949,58757.2614236,20.5259514,0.179907918,0,zi,336.1653711,-1.9560192
443309300002949,59128.2276736,19.9928589,0.146911323,0,zi,336.1656195,-1.9560806
