oid,mjd,mag,magerr,catflags,filtercode,ra,dec
1749206100023751,58582.1964583,21.5937767,0.251102686,0,zr,138.6585291,43.2883298
1749206100023751,58783.4866088,19.9354,0.144623101,0,zr,138.6581756,43.2885824
1749206100023751,58806.5463426,20.9324131,0.206694961,0,zr,138.6581107,43.2882271
1749206100023751,58806.546794,20.7975655,0.197640538,0,zr,138.6582195,43.288147
