oid,mjd,mag,magerr,catflags,filtercode,ra,dec
1461116100005646,58439.4969676,18.9865723,0.0443244688,0,zg,140.8442186,4.5442179
1461116100005646,58482.5488079,19.2063408,0.0526937433,0,zg,140.8441992,4.544213
