oid,mjd,mag,magerr,catflags,filtercode,ra,dec
1791106300003747,58487.4752431,21.1924973,0.198200226,0,zg,177.8689823,49.627786
1791106300003747,58540.3916551,21.3887367,0.210029721,0,zg,177.8691117,49.6277122
1791106300003747,58601.2503472,21.6177731,0.223836303,0,zg,177.8689611,49.6277735
1791106300003747,58903.3269907,21.7950993,0.234525681,32768,zg,177.8692462,49.6278867
1791106300003747,58968.2642477,21.2218857,0.199971795,0,zg,177.8691662,49.6277744
