oid,mjd,mag,magerr,catflags,filtercode,ra,dec
1754114200000750,58580.245706,21.1084881,0.180503607,0,zg,184.1044192,47.6940394
1754114200000750,58968.2591088,21.4713631,0.199138999,0,zg,184.1045144,47.6940031
1792104400010010,58487.4784838,21.2485199,0.178305328,0,zg,184.1046776,47.6940825
1792104400010010,58522.4522569,21.7828121,0.204662025,0,zg,184.1044382,47.6939809
1792104400010010,58580.2461574,21.3257942,0.182117283,0,zg,184.1046526,47.6943181
1792104400010010,58585.2293519,21.1499786,0.173444211,32768,zg,184.1046525,47.69401
1792104400010010,58968.2567593,21.1482887,0.173360884,0,zg,184.1043515,47.6941279
1792104400010010,59055.1760069,20.9602547,0.16408509,0,zg,184.1048165,47.694097
