oid,mjd,mag,magerr,catflags,filtercode,ra,dec
1718114100000217,58540.4252546,21.1357174,0.197352529,0,zg,223.43927,40.5727439
1718114100000217,58640.1846528,21.4226456,0.215420485,0,zg,223.439322,40.572739
1718114100000217,58640.1851042,21.4035664,0.214218974,0,zg,223.4393567,40.5726021
1718114100000217,58642.1814699,21.1427383,0.197794557,0,zg,223.439147,40.572746
1718114100000217,58643.1786227,21.1760368,0.199891448,0,zg,223.4391148,40.5727117
1758101300013207,58522.4755208,21.2574577,0.155482948,0,zg,223.4392039,40.5728885
1758101300013207,58640.1828125,21.0047264,0.144035161,0,zg,223.439265,40.5726872
1758101300013207,58643.1767824,20.7483902,0.132424057,0,zg,223.4391843,40.572851
