oid,mjd,mag,magerr,catflags,filtercode,ra,dec
1525105300003969,58507.5360301,19.2251701,0.0677299425,0,zg,225.6373588,6.3938274
1525105300003969,58567.4845833,19.3218498,0.0725338534,0,zg,225.6374965,6.3938656
1525105300003969,58944.4352778,19.8017063,0.0990817323,0,zg,225.6374697,6.3937067
1525105300003969,58963.33,19.6311092,0.089286916,0,zg,225.6373855,6.3938167
1525105300003969,58963.3304514,19.5105591,0.0825414211,0,zg,225.6374115,6.3938505
