oid,mjd,mag,magerr,catflags,filtercode,ra,dec
1577110400000580,58507.5387847,19.7149429,0.103946552,0,zg,228.8524695,16.153368
1577110400000580,58567.4356829,19.3976746,0.0836841837,32768,zg,228.8524742,16.1535029
1577110400000580,58944.4357407,19.342659,0.0804068372,0,zg,228.8523175,16.1534384
1577110400000580,58944.4370949,19.1894512,0.0717444941,0,zg,228.8523208,16.1534028
1577110400000580,58963.3327199,19.2916832,0.0774468556,0,zg,228.8523392,16.1534593
1577110400000580,58963.3331713,19.350132,0.08084701,0,zg,228.8523396,16.1534548
