oid,mjd,mag,magerr,catflags,filtercode,ra,dec
1577109400001764,58963.3327199,20.5398102,-0.00380349159,0,zg,230.8036171,15.7819527
1577109400001764,58963.3331713,20.3505402,0.0448051393,0,zg,230.8036296,15.7818668
