oid,mjd,mag,magerr,catflags,filtercode,ra,dec
650304300027176,58691.3430903,21.126482,0.234568715,0,zi,12.0406757,30.1794075
650304300027176,58765.3214583,20.6695061,0.199531794,0,zi,12.0405535,30.1792906
