oid,mjd,mag,magerr,catflags,filtercode,ra,dec
553316400002715,58397.3221991,20.3387909,0.171613038,0,zi,20.3298991,21.4724285
553316400002715,58747.3689352,20.4434013,0.17550303,0,zi,20.3300744,21.4724411
553316400002715,59119.30875,20.2400131,0.166338712,0,zi,20.3300768,21.4723586
553316400002715,59140.3454398,20.3441029,0.171857357,0,zi,20.3299465,21.4724091
553316400002715,59144.2917477,20.1773262,0.162397981,0,zi,20.3299365,21.4723175
553316400002715,59165.271088,20.4253712,0.174983293,0,zi,20.3299323,21.4723496
553316400002715,59182.2868287,19.7967262,0.133634955,0,zi,20.3304636,21.4725709
553316400002715,59187.2783449,19.9452343,0.145405233,0,zi,20.3301183,21.4723119
553316400002715,59203.2596181,19.9906635,0.14892675,0,zi,20.3296804,21.4723357
