oid,mjd,mag,magerr,catflags,filtercode,ra,dec
451308200001070,58390.2832639,19.8695793,0.145235643,0,zi,30.3505703,4.3195147
451308200001070,58397.3212847,20.1178303,0.163178161,0,zi,30.3505165,4.3195614
451308200001070,58430.2471875,19.9974842,0.154875755,0,zi,30.3506164,4.319511
451308200001070,58738.3987847,20.2225609,0.169370949,0,zi,30.3505555,4.3194866
451308200001070,58746.371169,20.021349,0.156597182,0,zi,30.3505734,4.3195941
451308200001070,58747.3778935,20.0953579,0.161707789,0,zi,30.3506404,4.3195484
451308200001070,58757.3508449,20.0786724,0.160589576,0,zi,30.3506641,4.3195622
451308200001070,58765.3268056,20.1191444,0.163262755,0,zi,30.350575,4.3195777
451308200001070,58769.2807755,19.1714153,0.0931264237,0,zi,30.3509163,4.3196067
