oid,mjd,mag,magerr,catflags,filtercode,ra,dec
352315400002048,59182.2910417,17.2205849,0.0243839379,0,zi,53.6595109,-7.1969368
352315400002048,59184.3311343,17.1705036,0.023678029,0,zi,53.6595251,-7.1969528
352315400002048,59187.2745602,17.2252579,0.0244515408,0,zi,53.6595244,-7.1969608
352315400002048,59190.2524769,17.1840706,0.023865927,0,zi,53.6595363,-7.196911
352315400002048,59200.2849421,17.2472572,0.0247738417,0,zi,53.6595448,-7.1969566
352315400002048,59205.3362963,17.182621,0.0238457322,0,zi,53.6595398,-7.1969443
352315400002048,59211.206412,17.27845,0.0252425149,0,zi,53.659551,-7.1969464
352315400002048,59217.3050116,17.2408428,0.0246791653,32768,zi,53.659488,-7.1970123
