oid,mjd,mag,magerr,catflags,filtercode,ra,dec
405304200005803,59184.3348958,18.8944969,0.0733068809,0,zi,61.6482013,-5.3019775
405304200005803,59187.2726968,18.9477272,0.076199241,0,zi,61.6482918,-5.3020284
405304200005803,59190.2678588,18.9139919,0.074354887,32768,zi,61.6481924,-5.3019247
405304200005803,59205.3372338,19.0513306,0.0821075886,0,zi,61.6481544,-5.3019933
405304200005803,59211.204537,18.8551331,0.0712306574,0,zi,61.6481365,-5.3020295
