oid,mjd,mag,magerr,catflags,filtercode,ra,dec
662302400010960,59140.4721412,19.4974308,0.101528838,0,zi,111.1351503,30.3062677
662302400010960,59170.3959606,19.5517464,0.105381303,0,zi,111.1351606,30.3062569
662302400010960,59182.3287731,19.5147533,0.102747276,0,zi,111.1351516,30.3062274
662302400010960,59184.3393287,19.5760498,0.107134804,0,zi,111.1351579,30.3062955
662302400010960,59189.4332523,19.7629166,0.121151686,0,zi,111.1351612,30.306216
662302400010960,59199.4428472,19.6175404,0.11016871,0,zi,111.1351485,30.3063
662302400010960,59202.4570833,19.4730129,0.0998278856,0,zi,111.1351659,30.3062261
662302400010960,59205.3430324,19.6887302,0.115484096,0,zi,111.1351523,30.3062567
