oid,mjd,mag,magerr,catflags,filtercode,ra,dec
663304100001359,58561.1245139,16.6053219,0.0181765743,0,zi,115.2945685,31.2000896
663304100001359,59140.4899769,16.5876312,0.0180599988,0,zi,115.2946036,31.2000767
663304100001359,59182.3497338,16.5340729,0.0177185647,0,zi,115.2946092,31.2000756
663304100001359,59184.4169213,16.4937115,0.017472323,0,zi,115.2946032,31.2000713
663304100001359,59188.4659838,16.5442505,0.0177821349,0,zi,115.2945943,31.2000839
663304100001359,59199.4701852,16.5516262,0.0178285912,0,zi,115.294622,31.2000918
663304100001359,59202.4575579,16.5161514,0.0176080763,0,zi,115.2946015,31.2000913
663304100001359,59205.3435069,16.5155182,0.0176042076,0,zi,115.2946131,31.2000849
