oid,mjd,mag,magerr,catflags,filtercode,ra,dec
663307200014570,58561.1245139,19.2655983,0.0838613808,0,zi,116.2186087,32.7125025
663307200014570,59182.3497338,20.3012733,0.156493038,0,zi,116.2185462,32.7125316
663307200014570,59184.4169213,20.0750198,0.140667707,0,zi,116.2184052,32.71264
663307200014570,59188.4659838,19.9071693,0.128055274,0,zi,116.21839,32.7125674
663307200014570,59199.4701852,19.6829605,0.111434303,0,zi,116.2181952,32.7124619
663307200014570,59202.4575579,19.9998837,0.135049015,0,zi,116.2184288,32.712654
663307200014570,59205.3435069,20.1471558,0.145950109,0,zi,116.2183975,32.7125373
