oid,mjd,mag,magerr,catflags,filtercode,ra,dec
616303200007566,58936.2498843,17.8319263,0.0315664746,0,zi,119.3463913,23.3443546
616303200007566,59180.4128588,17.7269039,0.0295982677,0,zi,119.3464264,23.3444304
616303200007566,59190.3901505,17.7914429,0.0307864882,0,zi,119.3464273,23.3443629
616303200007566,59199.4687616,17.8129578,0.0311976094,0,zi,119.346425,23.3443701
616303200007566,59202.4209838,17.7516384,0.0300458036,0,zi,119.3463808,23.3443629
616303200007566,59205.3425579,17.7416763,0.0298643913,0,zi,119.3463867,23.3443331
616303200007566,59210.4466319,17.8616066,0.0321558937,0,zi,119.3464037,23.3443691
