oid,mjd,mag,magerr,catflags,filtercode,ra,dec
567315200013140,59181.4408102,20.0833054,0.148707718,0,zi,122.8556222,22.2754505
567315200013140,59202.4293056,20.259676,0.158772841,0,zi,122.8556047,22.2756714
567315200013140,59205.3542014,20.1857166,0.154921666,32768,zi,122.8557876,22.275383
