oid,mjd,mag,magerr,catflags,filtercode,ra,dec
616305200009708,58936.2498843,18.9493542,0.0648768097,0,zi,123.57083,25.4931087
616305200009708,59180.4128588,18.8485394,0.0602673404,0,zi,123.5706772,25.492777
616305200009708,59190.3901505,18.9098778,0.0630313307,0,zi,123.5707926,25.4931376
616305200009708,59199.4687616,18.8195972,0.0590061136,0,zi,123.5708331,25.4931807
616305200009708,59202.4209838,19.0530262,0.0699776486,0,zi,123.5708358,25.4931212
616305200009708,59205.3425579,18.8491402,0.060293816,0,zi,123.5708046,25.4931057
616305200009708,59210.4466319,18.7948494,0.0579490997,0,zi,123.5708746,25.4931411
