oid,mjd,mag,magerr,catflags,filtercode,ra,dec
414316300008016,59184.3852894,19.4167175,0.1129518,0,zi,125.2700899,-0.4462123
414316300008016,59190.3915741,19.5948601,0.126279041,0,zi,125.2701708,-0.4462792999999999
414316300008016,59199.4616435,19.6678581,0.131797314,0,zi,125.270414,-0.4460904
414316300008016,59217.3042245,19.3653889,0.109206676,0,zi,125.2702043,-0.4462759
