oid,mjd,mag,magerr,catflags,filtercode,ra,dec
517316400002591,59166.5142708,20.2743053,0.15913479,0,zi,125.8619266,14.2271625
517316400002591,59202.4752199,20.3057957,0.160291255,0,zi,125.8618557,14.2269705
517316400002591,59204.490625,20.2823753,0.159446657,0,zi,125.8618603,14.2270896
