oid,mjd,mag,magerr,catflags,filtercode,ra,dec
708301200001061,58261.1603588,18.9012508,0.0721159205,0,zi,126.1574707,38.3188255
708301200001061,59140.4998611,19.7104187,0.126555607,0,zi,126.157339,38.3186708
708301200001061,59177.4189815,19.2879047,0.0953872502,0,zi,126.1574191,38.3187052
708301200001061,59180.4156597,19.0069141,0.0779280365,0,zi,126.1571814,38.3186764
708301200001061,59181.4454282,19.5197105,0.111875281,0,zi,126.1572906,38.3186607
708301200001061,59184.4009722,19.8701267,0.1392432,0,zi,126.1575343,38.3186172
708301200001061,59188.4674074,19.7828732,0.132295102,0,zi,126.157459,38.3186456
708301200001061,59203.268206,19.3426628,0.0991223529,0,zi,126.1575511,38.3189121
708301200001061,59210.447662,19.2149067,0.0905733481,0,zi,126.157284,38.3186841
