oid,mjd,mag,magerr,catflags,filtercode,ra,dec
749304100010384,58912.3126852,19.6732483,0.125600651,0,zi,126.1647604,45.648779
749304100010384,58915.2691319,19.5403938,0.115283765,0,zi,126.1647475,45.6487882
749304100010384,59140.4989236,19.9272518,0.146059349,0,zi,126.1648017,45.6487796
749304100010384,59190.3878009,19.8901558,0.143061906,0,zi,126.1647332,45.6488202
749304100010384,59202.4263542,19.8830452,0.142486215,0,zi,126.1647633,45.6488531
749304100010384,59205.3453819,19.9376144,0.146894097,0,zi,126.1647105,45.6488058
