oid,mjd,mag,magerr,catflags,filtercode,ra,dec
617315200011450,59164.4998958,19.4427204,0.110956691,0,zi,127.3608589,29.4836936
617315200011450,59179.3868403,19.3759861,0.105992578,0,zi,127.360957,29.4838001
617315200011450,59184.4028472,19.5571022,0.119738877,0,zi,127.3607849,29.4837313
617315200011450,59190.3896759,19.213522,0.0944978669,0,zi,127.3607231,29.4836192
617315200011450,59199.4672801,19.6220551,0.12484818,0,zi,127.3607339,29.483692
617315200011450,59202.4761458,19.6016464,0.123235159,0,zi,127.3608949,29.4837273
617315200011450,59205.3537269,19.365696,0.105238952,32768,zi,127.3607727,29.4836071
617315200011450,59210.4456713,19.2851067,0.0994535834,0,zi,127.3608598,29.483761
617315200011450,59217.3018519,19.3797112,0.106266223,0,zi,127.360814,29.4837146
