oid,mjd,mag,magerr,catflags,filtercode,ra,dec
749302300006656,58257.173588,18.9052029,0.0743381381,0,zi,129.8272517,44.470643
749302300006656,58912.3126852,19.0932121,0.0852837712,0,zi,129.8272589,44.4705233
749302300006656,58915.2691319,18.9511948,0.0768924952,0,zi,129.8272623,44.4704835
749302300006656,59140.4989236,19.142643,0.088384144,0,zi,129.8273094,44.4705328
749302300006656,59179.3854167,19.3681831,0.1036852,0,zi,129.8272863,44.4706097
749302300006656,59190.3878009,19.2285805,0.0939938128,0,zi,129.8271808,44.4705288
749302300006656,59199.4730671,19.273756,0.0970529616,0,zi,129.8272997,44.470617
749302300006656,59202.4263542,19.2514648,0.0955340266,0,zi,129.8272214,44.4705553
749302300006656,59205.3453819,19.1058903,0.0860701725,0,zi,129.8272923,44.4705242
