oid,mjd,mag,magerr,catflags,filtercode,ra,dec
709307200004672,58257.1715625,18.9953461,0.0685440153,0,zi,130.2691073,40.1581032
709307200004672,59179.3858796,19.1106949,0.074690178,0,zi,130.2692488,40.1579847
709307200004672,59180.4151968,18.9318676,0.0653682947,0,zi,130.2695019,40.1578398
709307200004672,59184.4014352,19.0712891,0.0725352988,0,zi,130.2692902,40.1580116
709307200004672,59190.3887384,19.0700569,0.0724688247,0,zi,130.2692366,40.158006
709307200004672,59199.4459722,19.0562325,0.071727179,0,zi,130.2692105,40.1580101
709307200004672,59202.4268287,19.0841179,0.0732305273,0,zi,130.2692833,40.1580005
709307200004672,59205.3449074,19.0721664,0.0725826472,0,zi,130.26927,40.1579965
709307200004672,59216.4672106,19.3264294,0.0875239819,0,zi,130.2692843,40.1580048
