oid,mjd,mag,magerr,catflags,filtercode,ra,dec
415311200001968,59184.3971644,19.0576801,0.0874959752,0,zi,134.0544405,-1.0105542
415311200001968,59188.4621875,19.1691837,0.0948943049,0,zi,134.0545009,-1.0105619
415311200001968,59199.462581,19.2986736,0.104032412,0,zi,134.0545975,-1.0105744
415311200001968,59202.4397106,19.3051376,0.104502976,0,zi,134.0546535,-1.0107488
415311200001968,59206.4616667,19.3694668,0.10925559,32768,zi,134.054454,-1.0105717
415311200001968,59216.4634144,19.2619858,0.101386607,0,zi,134.0543904,-1.0105278
