oid,mjd,mag,magerr,catflags,filtercode,ra,dec
518306200001539,59179.3983333,18.8486443,0.0700983107,0,zi,135.9372244,11.2763353
