oid,mjd,mag,magerr,catflags,filtercode,ra,dec
785310200004725,58261.1914236,19.9234505,0.135233507,0,zi,136.9749821,56.227054
785310200004725,58912.3122222,20.039423,0.144363523,0,zi,136.975088,56.2270671
785310200004725,59184.4101389,19.9283333,0.135619938,0,zi,136.9751795,56.2270478
785310200004725,59190.3820023,20.0315437,0.143748909,0,zi,136.9751235,56.227104
785310200004725,59199.4454861,20.0939579,0.148578763,0,zi,136.9751065,56.2270326
785310200004725,59205.4062616,20.1547146,0.153162479,0,zi,136.9750252,56.2270578
