oid,mjd,mag,magerr,catflags,filtercode,ra,dec
816302100000116,58257.2008796,18.6680317,0.0608703345,0,zi,142.8077635,60.1081235
816302100000116,58261.1845833,18.804287,0.0676443502,0,zi,142.8078848,60.1081221
816302100000116,58261.1984028,18.8837013,0.0719067305,0,zi,142.8077588,60.1080879
816302100000116,58915.2608565,19.5200596,0.114532508,0,zi,142.8078904,60.10802
816302100000116,59184.3387616,19.7314339,0.131407306,0,zi,142.807912,60.1080177
816302100000116,59190.3824769,19.6040401,0.121139705,0,zi,142.8078286,60.1080294
816302100000116,59199.4745023,19.4364414,0.108133711,0,zi,142.8079422,60.1080722
816302100000116,59202.4532176,19.5508633,0.116936997,0,zi,142.8080108,60.1081179
816302100000116,59215.3863657,19.3146477,0.0991988257,0,zi,142.8078603,60.1080096
