oid,mjd,mag,magerr,catflags,filtercode,ra,dec
570307200001258,58543.3333218,18.8844376,0.0641433969,0,zi,143.3809352,18.5207002
570307200001258,58558.2597685,18.9687614,0.0683771372,0,zi,143.3809374,18.5206759
570307200001258,58864.3743866,19.0498314,0.0726911277,0,zi,143.3809223,18.5206457
570307200001258,59179.3997338,18.9751892,0.0687103868,0,zi,143.3808405,18.5205357
570307200001258,59200.4839005,19.0718269,0.073903434,32768,zi,143.3808167,18.5207622
570307200001258,59204.4901157,18.9922466,0.0696019754,0,zi,143.3809256,18.5206504
570307200001258,59210.4414236,18.8491688,0.0624476448,0,zi,143.3809502,18.5206828
