oid,mjd,mag,magerr,catflags,filtercode,ra,dec
467302200007417,59184.3862269,19.5852776,0.118416905,0,zi,144.7892757,1.7426407
467302200007417,59204.4886921,19.6385574,0.122355074,0,zi,144.7892953,1.7427162
