oid,mjd,mag,magerr,catflags,filtercode,ra,dec
786314300019596,58261.1841204,18.9816608,0.0819437057,0,zi,148.3515904,57.0554888
786314300019596,58261.1979398,18.9718819,0.0813526586,0,zi,148.3514998,57.055419
786314300019596,58912.3081481,19.005064,0.0833728462,0,zi,148.3515461,57.0554111
786314300019596,59184.4110764,19.0029068,0.083240293,0,zi,148.3515908,57.0554365
786314300019596,59200.4926273,19.009367,0.0836378634,32768,zi,148.3515148,57.0554084
786314300019596,59216.4698032,19.0216942,0.0844008848,0,zi,148.3514714,57.0555233
