oid,mjd,mag,magerr,catflags,filtercode,ra,dec
468313200008658,58257.1849537,18.5717754,0.0717082098,0,zi,153.4460254,7.9333023
468313200008658,59200.484838,18.81604,0.086826764,32768,zi,153.446128,7.933137699999999
468313200008658,59204.4896296,18.8269958,0.0875651389,0,zi,153.4461359,7.9332465
