oid,mjd,mag,magerr,catflags,filtercode,ra,dec
521311400007100,58257.1887153,19.3206387,0.0956993252,0,zi,157.0805262,12.4196624
521311400007100,58558.2638773,18.8989258,0.0700064301,0,zi,157.0805919,12.4196935
521311400007100,58855.3955671,18.7377853,0.0619190335,0,zi,157.0805823,12.4196583
521311400007100,58893.3534606,18.7666759,0.0633009076,0,zi,157.0805386,12.4196531
521311400007100,59199.4824421,18.8030472,0.0650824532,0,zi,157.08054,12.419652
521311400007100,59202.4727315,18.8526344,0.0675875247,0,zi,157.0805618,12.4196151
521311400007100,59206.4774421,18.877018,0.0688519627,32768,zi,157.0806068,12.4196884
