oid,mjd,mag,magerr,catflags,filtercode,ra,dec
521311400004546,58257.1887153,18.4226379,0.0486584455,0,zi,157.0676885,11.9740926
521311400004546,58558.2638773,18.243927,0.0424914472,0,zi,157.0677034,11.9741551
521311400004546,58855.3955671,18.3247833,0.0451696068,0,zi,157.0677179,11.9741226
521311400004546,58893.3534606,18.2656765,0.0431942083,0,zi,157.0677245,11.9740941
521311400004546,59199.4824421,18.0350475,0.036363177,0,zi,157.0677166,11.9741242
521311400004546,59202.4727315,18.0966339,0.0380574465,0,zi,157.0677157,11.9740941
521311400004546,59206.4774421,18.0920162,0.0379272401,32768,zi,157.0677071,11.9740403
