oid,mjd,mag,magerr,catflags,filtercode,ra,dec
621310200010484,58558.2675116,19.8751068,0.134784847,0,zi,158.7561728,27.1460081
621310200010484,58585.2498032,19.9665279,0.141686678,0,zi,158.7561576,27.1459976
621310200010484,58855.3933102,20.0164375,0.145375133,0,zi,158.7561458,27.1460124
621310200010484,58893.3511921,20.289257,0.163093001,0,zi,158.7561656,27.1460893
621310200010484,59202.4439815,19.9695358,0.14191097,0,zi,158.7561252,27.1462333
