oid,mjd,mag,magerr,catflags,filtercode,ra,dec
621314100002543,58257.1831019,18.3193779,0.0510880314,0,zi,160.3148033,29.3864386
621314100002543,58558.2675116,18.3833637,0.0538037941,0,zi,160.3147708,29.3863739
621314100002543,58585.2498032,18.3426704,0.0520605147,0,zi,160.3148175,29.3863631
621314100002543,58855.3933102,18.3234291,0.051255893,0,zi,160.3147803,29.3863739
621314100002543,58893.3511921,18.3771534,0.0535341054,0,zi,160.3147942,29.3863416
621314100002543,59199.4876042,18.3341713,0.0517035723,0,zi,160.3147772,29.3863685
621314100002543,59202.4439815,18.4456253,0.0565823279,0,zi,160.3148144,29.3863512
621314100002543,59215.3939468,18.5364037,0.0608818233,0,zi,160.3148476,29.3863002
