oid,mjd,mag,magerr,catflags,filtercode,ra,dec
621305100001632,58257.1831019,19.1916389,0.0924251825,0,zi,161.8262853,25.7301149
621305100001632,58558.2675116,19.2743626,0.0981088355,0,zi,161.8263261,25.7301692
621305100001632,58585.2498032,19.3071747,0.100430757,0,zi,161.8262944,25.7300609
621305100001632,58855.3933102,18.993763,0.0798657387,0,zi,161.8262751,25.7300978
621305100001632,58893.3511921,19.0856876,0.0855152309,0,zi,161.8262724,25.7300881
621305100001632,59199.4876042,19.2344246,0.0953339562,0,zi,161.8263802,25.730168
621305100001632,59202.4439815,19.2372742,0.0955300257,0,zi,161.8263408,25.7301371
