oid,mjd,mag,magerr,catflags,filtercode,ra,dec
522315400001793,58257.1858796,17.5406685,0.0254794788,0,zi,164.0003302,14.4031765
522315400001793,58558.2661574,17.6757374,0.0280764718,0,zi,164.0003325,14.4031675
