oid,mjd,mag,magerr,catflags,filtercode,ra,dec
470306200006317,59199.4843171,20.22896,0.17139253,0,zi,165.6118074,3.7518553
