oid,mjd,mag,magerr,catflags,filtercode,ra,dec
470309300006145,59199.4843171,17.7539463,0.0316913165,0,zi,167.3067562,4.7508924
470309300006145,59202.4731944,17.7656212,0.0319586098,0,zi,167.3067381,4.7508615
470309300006145,59206.4769792,17.9281006,0.0359869413,32768,zi,167.3067002,4.7509599
470309300006145,59216.4787037,17.8522911,0.0340341218,0,zi,167.3067027,4.7508811
