oid,mjd,mag,magerr,catflags,filtercode,ra,dec
419305100002221,58257.1882292,20.3575745,0.172197998,0,zi,167.5281916,-2.9771005
419305100002221,59189.527963,19.9942169,0.158305794,0,zi,167.528024,-2.9770181
