oid,mjd,mag,magerr,catflags,filtercode,ra,dec
471307400016662,59189.5289005,19.5824623,0.120428905,0,zi,171.0506614,3.3130774
471307400016662,59199.4857292,19.6945629,0.129204109,0,zi,171.0506335,3.3129693
