oid,mjd,mag,magerr,catflags,filtercode,ra,dec
473303300005292,58257.2052083,18.350853,0.0471413732,0,zi,183.7402789,1.3852416
473303300005292,58257.2066088,18.3098869,0.0457968749,0,zi,183.7403027,1.3852261
473303300005292,58966.3125926,18.163578,0.0413398892,32768,zi,183.7403598,1.3852005
473303300005292,59189.5298264,18.4969444,0.0523034632,0,zi,183.7402491,1.3852806
473303300005292,59204.4966204,18.5556831,0.0545479842,0,zi,183.7403183,1.385243
473303300005292,59216.4982639,18.5745659,0.05529093,0,zi,183.7403195,1.385189
