oid,mjd,mag,magerr,catflags,filtercode,ra,dec
527303200011854,58600.1831597,20.6126938,0.183803082,0,zi,199.6755974,9.259415
527303200011854,58607.2727662,20.929966,0.20305562,0,zi,199.6755044,9.259495
527303200011854,58612.3195139,20.9152603,0.202163219,0,zi,199.6755643,9.259486
