oid,mjd,mag,magerr,catflags,filtercode,ra,dec
1708212300006092,58448.4370949,20.2063751,0.16719766,0,zr,134.2204759,37.3405744
1708212300006092,58481.4512731,20.7860546,0.20117867,0,zr,134.2204929,37.3407515
1708212300006092,58493.4539815,21.0401497,0.218835354,0,zr,134.2203939,37.3406145
1708212300006092,58540.2188542,21.0083351,0.216624618,0,zr,134.2205372,37.3405329
1708212300006092,58582.1945139,21.1500931,0.22647512,0,zr,134.2202295,37.3406657
1708212300006092,58856.3077431,20.601572,0.188359261,0,zr,134.220445,37.3406546
1708212300006092,58863.353287,20.4403114,0.179626569,0,zr,134.2203672,37.3405394
1708212300006092,58871.2879282,20.9914227,0.215449452,0,zr,134.2204122,37.340674
