oid,mjd,mag,magerr,catflags,filtercode,ra,dec
1514204100004000,58439.4001968,20.6062164,0.15556109,0,zr,144.2991475,5.522735
1514204100004000,58493.471412,21.3636074,0.202716589,0,zr,144.2990669,5.5227629
1514204100004000,58540.2425116,21.0371952,0.182394028,0,zr,144.2991107,5.5226734
1514204100004000,58836.5211111,21.1240616,0.187802315,0,zr,144.2990698,5.522762
1514204100004000,58899.3013657,21.6603203,0.221190095,0,zr,144.2992387,5.5227168
1514204100004000,59210.3311458,20.6315041,0.157135487,0,zr,144.299119,5.5228058
