oid,mjd,mag,magerr,catflags,filtercode,ra,dec
1462208100003800,58481.4824884,20.1934147,0.0985189676,0,zr,147.8182395,0.248595
1462208100003800,58493.4886227,20.4024849,0.108260006,0,zr,147.8181898,0.24858
1462208100003800,59199.5041898,20.7141533,0.122057617,0,zr,147.8181105,0.2486532999999999
1462208100003800,59201.4679977,20.5646801,0.115094483,0,zr,147.8181413,0.2485970999999999
1462208100003800,59203.4757523,20.477108,0.111275025,0,zr,147.8181416,0.2485814
