oid,mjd,mag,magerr,catflags,filtercode,ra,dec
1567212400004037,58481.4734606,20.3832474,0.088830173,0,zr,154.5739684,15.8735161
1567212400004037,58493.4396412,20.926548,0.107874095,0,zr,154.5738425,15.8735072
1567212400004037,58540.2415972,20.8389473,0.104625225,0,zr,154.5739448,15.8734696
1567212400004037,58582.216956,21.0076408,0.110881567,0,zr,154.5739149,15.8736025
