oid,mjd,mag,magerr,catflags,filtercode,ra,dec
1713215300008816,58481.4687616,20.6445618,0.161350489,0,zr,177.4122079,39.5784928
1713215300008816,58493.4456019,20.6972313,0.164128542,0,zr,177.4122435,39.5784573
1713215300008816,58512.5142361,20.7610168,0.167492867,32768,zr,177.4121512,39.5783972
1713215300008816,58540.2656829,20.7527637,0.167057514,0,zr,177.4122141,39.5783903
1713215300008816,58546.3114699,20.6253052,0.160334706,0,zr,177.412258,39.578459
1713215300008816,58582.2021065,20.7963562,0.169356823,0,zr,177.4120547,39.5784526
1713215300008816,58606.2408102,20.7813301,0.16856432,0,zr,177.4121486,39.5784383
1713215300008816,59182.4374306,20.3673897,0.152298391,0,zr,177.4122008,39.5782836
