oid,mjd,mag,magerr,catflags,filtercode,ra,dec
1791206300022266,58449.434375,20.4098377,0.173733801,0,zr,177.8690877,49.6276569
1791206300022266,58481.4669213,20.6017761,0.181017518,0,zr,177.8687765,49.6275336
1791206300022266,58493.4617708,20.7624054,0.190919638,0,zr,177.8689922,49.6277898
1791206300022266,58509.4640972,20.3953934,0.173381746,0,zr,177.8686539,49.6279099
1791206300022266,58602.2622106,20.6669502,0.185035229,0,zr,177.8690013,49.6278234
1791206300022266,58606.2384606,20.9776134,0.204186201,0,zr,177.8690891,49.62778
1791206300022266,58956.2841667,20.7673111,0.191221952,0,zr,177.8689914,49.6277496
1791206300022266,58971.1632523,20.6068382,0.181329608,0,zr,177.8690769,49.6278087
1791206300022266,58974.2651389,20.7879906,0.192496777,0,zr,177.8688205,49.6276971
