oid,mjd,mag,magerr,catflags,filtercode,ra,dec
1713205300018629,58481.4687616,20.1804276,0.141964927,0,zr,182.7047848,35.2558129
1713205300018629,58493.4456019,20.7068291,0.163027942,0,zr,182.7051085,35.2559491
1713205300018629,58546.3114699,20.4737873,0.151897088,0,zr,182.7050459,35.2558834
1713205300018629,58574.2140278,20.5842896,0.156508863,32768,zr,182.7049441,35.2558918
1713205300018629,58593.2704167,20.2828503,0.146786213,0,zr,182.7050043,35.2558546
1713205300018629,58602.2608449,20.5291367,0.153574646,0,zr,182.7050572,35.2558879
1713205300018629,58606.2408102,20.4181767,0.151070386,0,zr,182.7050388,35.2558971
1713205300018629,58618.2156366,20.2409401,0.144946873,0,zr,182.7050389,35.2557993
