oid,mjd,mag,magerr,catflags,filtercode,ra,dec
1673215300010009,58606.2486458,21.5547142,0.207767367,0,zr,214.059509,32.3065864
1673215300010009,58634.3059259,21.4686832,0.202359915,0,zr,214.0596282,32.3065054
1673215300010009,58638.2462616,21.5624657,0.208254695,0,zr,214.0596303,32.3065378
1673215300010009,58965.3294329,21.2199917,0.18672812,0,zr,214.0596067,32.3063508
