oid,mjd,mag,magerr,catflags,filtercode,ra,dec
1827216400009094,58593.2992477,20.2829094,0.151254147,0,zr,218.8101728,61.1962425
1827216400009094,58606.2683565,20.7613926,0.190027952,0,zr,218.8100324,61.1963473
1827216400009094,58618.2071644,20.6133556,0.178269625,0,zr,218.8100863,61.1963925
1827216400009094,58634.3246644,20.7842999,0.191847444,0,zr,218.8100413,61.1963336
1827216400009094,58634.3251157,20.777565,0.191312432,0,zr,218.8101247,61.1963158
1827216400009094,58677.22875,20.5725136,0.175025582,0,zr,218.810195,61.1963653
1827216400009094,58677.2292014,20.5862045,0.176113009,0,zr,218.8102061,61.1963458
1827216400009094,58973.2792708,20.2783661,0.150865525,0,zr,218.8099796,61.1963634
1827216400009094,58973.2797338,20.5269947,0.171410084,0,zr,218.8101318,61.1963658
