oid,mjd,mag,magerr,catflags,filtercode,ra,dec
1675213300007305,58597.4162731,20.7996082,0.169339418,0,zr,233.1845858,31.863821
1675213300007305,58617.2696296,21.10709,0.189785004,0,zr,233.1847597,31.863709
1675213300007305,58632.2895139,21.0734673,0.187549353,0,zr,233.184701,31.8639137
1675213300007305,58634.3027546,21.1757221,0.194348693,0,zr,233.1846174,31.8638328
1675213300007305,58634.303206,21.35005,0.205940366,0,zr,233.1846012,31.8637851
1675213300007305,58676.2183333,20.7695045,0.167337656,0,zr,233.1845583,31.8637761
1675213300007305,58998.2606944,21.5798588,0.221221209,0,zr,233.1844693,31.8637267
