oid,mjd,mag,magerr,catflags,filtercode,ra,dec
1580211300014349,58606.2915394,21.2597942,0.174931884,0,zr,247.0670171,16.0933258
1580211300014349,58968.4142824,21.794632,0.209967375,0,zr,247.0666553,16.0932621
1580211300014349,58968.4147569,21.3727875,0.182333708,0,zr,247.066614,16.093231
