oid,mjd,mag,magerr,catflags,filtercode,ra,dec
1529215200007114,58289.2503819,19.9005032,0.0833989382,0,zr,249.9433196,11.2697262
1529215200007114,58593.3596181,19.9859982,0.0881554708,0,zr,249.9433993,11.2695467
1529215200007114,58606.3090046,20.0148735,0.0897866488,0,zr,249.9432382,11.2697016
1529215200007114,58618.2477546,20.1551781,0.0978253037,0,zr,249.9433149,11.2697031
1529215200007114,58632.3115046,20.0632648,0.0925420076,0,zr,249.94326,11.2697053
1529215200007114,58632.311956,19.9349899,0.085303247,0,zr,249.9433674,11.2698019
