oid,mjd,mag,magerr,catflags,filtercode,ra,dec
395309300018364,58387.3988542,19.3593216,0.112771615,0,zi,0.2993029999999999,-9.4189216
395309300018364,58400.2318866,19.4184361,0.117301449,0,zi,0.2991161,-9.4189309
395309300018364,58428.1273264,19.4378643,0.118804321,0,zi,0.2991351999999999,-9.4187722
395309300018364,58744.3521296,19.5618401,0.128500924,0,zi,0.2992472999999999,-9.4189398
395309300018364,58757.337581,19.4093971,0.116604485,0,zi,0.2991741,-9.4188906
395309300018364,58761.2947106,19.5214958,0.125331432,0,zi,0.2992392999999999,-9.4189128
395309300018364,58765.2960995,19.3476868,0.111888647,0,zi,0.2992215999999999,-9.4189997
395309300018364,58771.2479514,19.2112103,0.101789653,0,zi,0.2994043,-9.419041600000002
