oid,mjd,mag,magerr,catflags,filtercode,ra,dec
447305200026158,58361.3632986,20.1874428,0.163660899,0,zi,7.8610391,4.3314233
447305200026158,58732.332419,21.0517273,0.220106959,0,zi,7.8612666,4.3313804
447305200026158,59173.2526852,20.9173622,0.210546851,0,zi,7.8613117,4.3315174
