oid,mjd,mag,magerr,catflags,filtercode,ra,dec
397307300006477,58390.2732176,20.0680771,0.15341574,0,zi,7.7791089,-4.4120482
397307300006477,58426.2999884,19.8871841,0.140218019,0,zi,7.779251999999999,-4.411819
397307300006477,58757.3540625,20.2182865,0.162751257,0,zi,7.7792104,-4.4117747
397307300006477,58761.316169,20.2673645,0.165271968,0,zi,7.7791867,-4.4118012
397307300006477,59200.1289931,20.2500458,0.164419189,0,zi,7.7792272,-4.4118021
397307300006477,59203.1446644,20.2164326,0.162650049,0,zi,7.7792936,-4.4116809
