oid,mjd,mag,magerr,catflags,filtercode,ra,dec
448304100002030,58342.3824074,20.2925625,0.166045934,0,zi,9.5705327,2.363303
448304100002030,58347.3844907,20.5731659,0.179985285,0,zi,9.5704193,2.3633872
448304100002030,58351.3475926,20.714529,0.189498186,0,zi,9.5704255,2.3636854
448304100002030,58430.2334028,20.6196289,0.183112025,0,zi,9.5702368,2.3634671
448304100002030,58697.4423148,20.8373909,0.197766066,0,zi,9.5704588,2.3632503
448304100002030,58705.4246644,20.5386581,0.177663088,0,zi,9.5707097,2.3633207
448304100002030,58732.3741319,20.4452076,0.173399881,0,zi,9.5703886,2.3634345
448304100002030,59203.1441898,20.4295044,0.172808826,0,zi,9.5703808,2.36345
