oid,mjd,mag,magerr,catflags,filtercode,ra,dec
397314100006305,58397.3263079,20.131918,0.173035949,0,zi,9.8129243,0.2991977
397314100006305,58430.2365972,20.4599037,0.176181987,0,zi,9.8127871,0.299265
397314100006305,58757.3540625,20.017807,0.166697711,0,zi,9.8128652,0.2993476999999999
397314100006305,58761.316169,20.4891319,0.174770609,0,zi,9.8129065,0.2993564
