oid,mjd,mag,magerr,catflags,filtercode,ra,dec
448303300011532,58369.3454398,20.5207405,0.178646445,0,zi,10.8477111,1.4177387
448303300011532,58377.324294,20.8706703,0.201794863,0,zi,10.8477089,1.4176347
448303300011532,58397.3285995,20.1243057,0.158302069,0,zi,10.8477186,1.4176327
448303300011532,58701.4252315,20.8409882,0.199831367,0,zi,10.8476669,1.4176772
448303300011532,58717.3644792,20.5695133,0.181872845,0,zi,10.8476687,1.4175933
448303300011532,59173.2632407,20.98983,0.209677458,0,zi,10.8477229,1.417715
448303300011532,59190.2223264,20.0347061,0.151792154,32768,zi,10.8477689,1.4176867
