oid,mjd,mag,magerr,catflags,filtercode,ra,dec
601305400016261,58337.4787384,20.7943058,0.216417789,0,zi,11.5845757,25.0164067
601305400016261,58369.3459491,20.3915691,0.186695307,0,zi,11.5845483,25.0163883
601305400016261,58397.2946991,20.606123,0.201294065,0,zi,11.5844601,25.016433
601305400016261,58430.2379977,20.764761,0.214043379,0,zi,11.5844707,25.0163115
601305400016261,58668.4690162,20.2860355,0.179232001,0,zi,11.5844635,25.0162556
601305400016261,58686.4471991,20.276804,0.178525656,0,zi,11.5844696,25.0162277
601305400016261,58709.4346991,20.1621227,0.169235796,0,zi,11.5845564,25.0163527
601305400016261,58757.3430671,20.1271591,0.166257739,0,zi,11.5845475,25.0163411
601305400016261,58769.2981713,19.6396141,0.123493224,0,zi,11.5845865,25.0161119
