oid,mjd,mag,magerr,catflags,filtercode,ra,dec
501302100022248,58397.3281366,19.9606438,0.14179647,0,zi,16.8560024,9.734028
501302100022248,58430.2329398,19.9437523,0.140513718,0,zi,16.8559639,9.7341199
501302100022248,58434.2330787,19.6279869,0.116310522,0,zi,16.8560805,9.73406
501302100022248,59108.3452778,20.150177,0.155502081,0,zi,16.8560627,9.7340891
501302100022248,59114.3823148,20.0612335,0.149267673,0,zi,16.8561203,9.7341243
501302100022248,59144.288912,20.1755524,0.157189116,0,zi,16.8559725,9.7340624
501302100022248,59190.2218634,19.7480316,0.125450432,0,zi,16.8560305,9.7341184
501302100022248,59203.1437269,19.8807087,0.135684386,0,zi,16.8560886,9.7342176
501302100022248,59211.1838889,20.1347427,0.154453725,0,zi,16.8560873,9.7338693
