oid,mjd,mag,magerr,catflags,filtercode,ra,dec
399302300025214,58397.3235764,20.4786243,0.190942734,0,zi,23.6270688,-6.1543283
399302300025214,58697.4432176,20.6082764,0.197173476,0,zi,23.6270943,-6.1542957
399302300025214,58701.4177083,20.680088,0.201586246,0,zi,23.6272901,-6.1542802
399302300025214,58733.4210995,20.6049347,0.196968079,0,zi,23.6270217,-6.1542461
399302300025214,58757.3572917,20.3190346,0.188998073,0,zi,23.6272396,-6.154288
399302300025214,59141.2916898,20.5441628,0.193233728,0,zi,23.6271458,-6.1544158
