oid,mjd,mag,magerr,catflags,filtercode,ra,dec
1599314100012633,58746.3739352,19.9195061,0.128099039,32,zi,25.1337256,25.9050082
1599314100012633,58750.3476042,19.630724,0.108545557,32,zi,25.1336649,25.904937
1599314100012633,58751.3534838,19.7521114,0.116792366,0,zi,25.1335996,25.9049876
1599314100012633,58757.3712269,19.5706635,0.104519904,0,zi,25.133738,25.9048882
1599314100012633,59114.3851157,19.7314911,0.115386382,32,zi,25.1336695,25.9049417
1599314100012633,59119.3096875,19.6923065,0.11271774,0,zi,25.1337146,25.9049579
1599314100012633,59121.2702546,19.5297966,0.101813935,0,zi,25.1336134,25.9050567
1599314100012633,59140.3449769,19.7958889,0.119775683,0,zi,25.1337018,25.9049977
