oid,mjd,mag,magerr,catflags,filtercode,ra,dec
554307200009420,58430.2462731,20.5330429,0.179988742,0,zi,28.8443593,18.7451097
554307200009420,58747.3587384,20.3051739,0.16497761,0,zi,28.8442652,18.74524
554307200009420,58751.3543866,20.4009743,0.171637863,0,zi,28.8443962,18.74532
554307200009420,58757.3499421,20.8585281,0.204748511,0,zi,28.8445155,18.74534
554307200009420,58761.3243981,20.4688148,0.175792783,0,zi,28.8443257,18.7451025
554307200009420,58765.3253588,20.2832088,0.163349479,0,zi,28.8444655,18.7453776
554307200009420,59135.3748264,20.3334579,0.167024314,0,zi,28.844502,18.7453249
554307200009420,59141.2870255,20.5348816,0.180128694,0,zi,28.8444684,18.7451557
554307200009420,59200.1460301,20.506424,0.177963853,0,zi,28.8445348,18.7453118
