oid,mjd,mag,magerr,catflags,filtercode,ra,dec
451303400005131,58434.2450116,19.5432949,0.120717503,0,zi,32.62444,1.0230179
451303400005131,58747.3778935,20.5927448,0.18061316,0,zi,32.6244992,1.0229212
451303400005131,58761.3276157,20.7445087,0.189438581,0,zi,32.6246219,1.0229235
451303400005131,59184.3287963,20.4614716,0.17551671,0,zi,32.624632,1.0229197
