oid,mjd,mag,magerr,catflags,filtercode,ra,dec
401307300021632,58365.3247801,20.4135094,0.18609117,0,zi,35.0840133,-4.1685724
401307300021632,58423.2553588,20.377737,0.186222628,0,zi,35.0837818,-4.1684083
