oid,mjd,mag,magerr,catflags,filtercode,ra,dec
451305300017766,58738.3987847,19.6234856,0.124848083,0,zi,36.0934662,2.7627882
451305300017766,58747.3778935,19.7693939,0.13664642,0,zi,36.0934166,2.7627284
451305300017766,58761.3276157,19.6698761,0.128585085,0,zi,36.0934451,2.7626762
451305300017766,59187.2774074,19.5822639,0.121551529,0,zi,36.0935768,2.7627747
451305300017766,59203.2568056,19.5444832,0.118556045,0,zi,36.093434,2.7626835
451305300017766,59211.190544,19.5534706,0.119266078,0,zi,36.0933726,2.762599
