oid,mjd,mag,magerr,catflags,filtercode,ra,dec
452311300002974,58397.3203704,20.4986458,0.178317145,0,zi,39.350951,5.1386453
452311300002974,58423.2548958,20.5516186,0.181594372,0,zi,39.3509867,5.1386294
452311300002974,58738.4164468,20.6089249,0.185310364,0,zi,39.351032,5.1387943
452311300002974,58747.3582639,20.4097939,0.176662549,0,zi,39.3508791,5.1385892
452311300002974,58761.3253009,20.4823017,0.178163439,0,zi,39.3510372,5.1387337
452311300002974,59190.2576852,20.0967751,0.159741521,32768,zi,39.3511871,5.1385882
452311300002974,59200.2821296,20.3240547,0.173431695,0,zi,39.3509666,5.1387077
