oid,mjd,mag,magerr,catflags,filtercode,ra,dec
401305400013355,58369.3465162,20.3931808,0.196239218,0,zi,39.8382791,-4.2287088
401305400013355,58733.4197338,20.4027786,0.196147427,0,zi,39.8382604,-4.2287559
401305400013355,58757.3600579,20.5958405,0.198445022,0,zi,39.8381148,-4.2285978
401305400013355,58761.3271644,20.1260567,0.188378751,0,zi,39.838283,-4.2286385
401305400013355,59200.2826042,20.3720703,0.196327478,0,zi,39.8383236,-4.2287457
