oid,mjd,mag,magerr,catflags,filtercode,ra,dec
402304400001057,59182.2901042,19.2514172,0.105590105,0,zi,41.8176582,-5.649243
402304400001057,59184.3297338,19.548975,0.128532186,0,zi,41.8175699,-5.6492436
402304400001057,59187.2697454,19.3526917,0.113151491,0,zi,41.8174837,-5.6491438
402304400001057,59200.2830671,19.4470024,0.120443426,0,zi,41.8176092,-5.6492181
402304400001057,59203.253044,19.4460163,0.120366126,0,zi,41.8175885,-5.6490918
402304400001057,59217.208287,19.5767403,0.130759507,32768,zi,41.8175757,-5.6491688
