oid,mjd,mag,magerr,catflags,filtercode,ra,dec
452305200004841,58423.2548958,20.0491657,0.162416905,0,zi,42.267241,3.8269019
452305200004841,58747.3582639,20.1305885,0.168140709,0,zi,42.2672482,3.826884
452305200004841,58751.3777778,20.0139256,0.159790903,0,zi,42.2674097,3.8269654
452305200004841,58757.3623727,20.4443665,0.182042971,0,zi,42.2674859,3.8269775
452305200004841,58761.3253009,20.2387161,0.174722493,0,zi,42.2673384,3.8269136
452305200004841,59200.2821296,20.2608414,0.175883442,0,zi,42.2672213,3.8268695
