oid,mjd,mag,magerr,catflags,filtercode,ra,dec
402311200004234,59187.2697454,19.7949524,0.139049262,0,zi,42.9494659,-1.3053901
402311200004234,59200.2830671,19.9439335,0.150478318,0,zi,42.949457,-1.3052701
402311200004234,59203.253044,19.9550476,0.151302814,0,zi,42.9496066,-1.3054758
