oid,mjd,mag,magerr,catflags,filtercode,ra,dec
402307400003647,59182.2901042,19.2941589,0.0988282561,0,zi,43.5663538,-3.9882758
402307400003647,59184.3297338,19.2974396,0.0990585089,0,zi,43.5662248,-3.988372
402307400003647,59187.2697454,19.2785225,0.0977355093,0,zi,43.5662273,-3.9883637
402307400003647,59200.2830671,19.2792015,0.0977828354,0,zi,43.5662033,-3.9883863
402307400003647,59203.253044,18.9953461,0.0794045702,0,zi,43.5662132,-3.9883051
402307400003647,59211.1896065,19.0562763,0.083105959,0,zi,43.5661776,-3.9883536
402307400003647,59217.208287,19.213047,0.0932471678,0,zi,43.5662765,-3.988368
