oid,mjd,mag,magerr,catflags,filtercode,ra,dec
402314400016632,59182.2901042,18.3860683,0.0543719158,0,zi,45.5282331,-0.0225355999999999
402314400016632,59184.3297338,18.5331841,0.0608076788,0,zi,45.5282134,-0.0225289
402314400016632,59187.2697454,18.4831924,0.0585387759,0,zi,45.5281858,-0.0225148
402314400016632,59190.2572106,18.4176483,0.0556924455,32768,zi,45.5281948,-0.0225736999999999
402314400016632,59200.2830671,18.3913898,0.0545921624,0,zi,45.5282249,-0.0225447
402314400016632,59203.253044,18.4611397,0.0575650372,0,zi,45.5281464,-0.0226103
402314400016632,59211.1896065,18.4621544,0.0576094724,0,zi,45.5281703,-0.022578
402314400016632,59217.208287,18.4113541,0.0554266423,0,zi,45.5282319,-0.0224974
