oid,mjd,mag,magerr,catflags,filtercode,ra,dec
402313200005188,59182.2901042,16.6807098,0.0205806177,0,zi,46.0932999,0.3755158
402313200005188,59184.3297338,16.665287,0.0204367191,0,zi,46.0933023,0.3755208999999999
402313200005188,59187.2697454,16.6994476,0.0207593255,0,zi,46.093305,0.3754962
402313200005188,59190.2572106,16.6802216,0.0205760095,32768,zi,46.0933186,0.3755148999999999
402313200005188,59200.2830671,16.6966248,0.0207321234,0,zi,46.0933079,0.3754942
402313200005188,59203.253044,16.6886883,0.0206561889,0,zi,46.093295,0.3755130999999999
402313200005188,59206.2768287,16.68433,0.0206148196,32768,zi,46.093358,0.3755006
402313200005188,59211.1896065,16.6827621,0.0205999725,0,zi,46.0932857,0.3755192
402313200005188,59217.208287,16.6675873,0.0204580035,0,zi,46.0933077,0.3754977999999999
