oid,mjd,mag,magerr,catflags,filtercode,ra,dec
352314300006056,59182.2910417,18.1038303,0.0430761725,0,zi,54.8580028,-7.716645599999999
352314300006056,59184.3311343,18.0372124,0.0410658047,0,zi,54.8579875,-7.7166296
352314300006056,59187.2745602,18.1412258,0.0442550778,0,zi,54.8579487,-7.7166728
352314300006056,59190.2524769,18.1259193,0.0437680595,0,zi,54.8581149,-7.716575899999999
352314300006056,59200.2849421,18.1964073,0.0460632369,0,zi,54.858051,-7.7166055
352314300006056,59205.3362963,18.1494751,0.0445201434,0,zi,54.8580529,-7.716661099999999
352314300006056,59211.206412,18.1197319,0.0435729697,0,zi,54.8580783,-7.716658599999999
352314300006056,59217.3050116,18.1698818,0.0451837443,32768,zi,54.8579437,-7.7167081
