oid,mjd,mag,magerr,catflags,filtercode,ra,dec
747305300015364,59170.3940972,20.2135487,0.153615415,0,zi,113.0935163,46.4293603
747305300015364,59190.3863773,20.4811554,0.169592172,0,zi,113.0937453,46.4293437
747305300015364,59202.4239352,20.0760994,0.143427357,0,zi,113.0939427,46.4293813
