oid,mjd,mag,magerr,catflags,filtercode,ra,dec
566304400001639,59184.4037847,19.9749832,0.130791306,0,zi,114.7748258,15.9609161
566304400001639,59189.4241319,19.777874,0.116555624,0,zi,114.7751138,15.9609674
566304400001639,59199.4409606,19.9699745,0.130430207,0,zi,114.7747489,15.960862
566304400001639,59205.3416088,19.7804565,0.116740689,0,zi,114.7748023,15.9608786
