oid,mjd,mag,magerr,catflags,filtercode,ra,dec
663312100000721,59140.4899769,20.1238537,0.143945158,0,zi,115.0823098,35.0708733
663312100000721,59188.4659838,19.7854309,0.118982032,0,zi,115.0824294,35.0710018
663312100000721,59202.4575579,20.0766754,0.140565544,0,zi,115.0823377,35.0709081
663312100000721,59205.3435069,19.9109039,0.128316879,0,zi,115.0824156,35.0709178
