oid,mjd,mag,magerr,catflags,filtercode,ra,dec
663303200015182,59182.3497338,19.1928787,0.0826191008,0,zi,115.612909,30.4962834
663303200015182,59184.4169213,19.2035065,0.083242096,0,zi,115.6129527,30.4962814
663303200015182,59188.4659838,19.2027321,0.0831965506,0,zi,115.612896,30.4963181
663303200015182,59199.4701852,19.1294956,0.0789828598,0,zi,115.612757,30.4962626
663303200015182,59202.4575579,19.2717514,0.0873329192,0,zi,115.6130297,30.4962973
663303200015182,59205.3435069,19.246521,0.0858024359,0,zi,115.6129794,30.4962944
