oid,mjd,mag,magerr,catflags,filtercode,ra,dec
615309200005929,58561.1231366,18.6785278,0.0541239232,0,zi,116.2635358,27.386289
615309200005929,59140.4890509,18.9307899,0.0650918558,0,zi,116.2634863,27.3862493
615309200005929,59182.3487963,19.1020794,0.0737594292,0,zi,116.2634517,27.3861958
615309200005929,59188.4645486,19.0841503,0.0728038624,0,zi,116.2634392,27.3862609
615309200005929,59199.4682986,19.0748158,0.0723108426,0,zi,116.2633911,27.3862964
615309200005929,59202.4580208,19.2318344,0.0810180679,0,zi,116.2634936,27.3862848
615309200005929,59205.3420718,19.178257,0.0779475421,0,zi,116.263506,27.3862184
