oid,mjd,mag,magerr,catflags,filtercode,ra,dec
663315400010409,58561.1245139,19.7043152,0.119423687,0,zi,116.6902045,35.9839866
663315400010409,59140.4899769,19.8762016,0.132346466,0,zi,116.6901366,35.9839621
663315400010409,59182.3497338,19.6469994,0.115170278,0,zi,116.6901805,35.9839765
663315400010409,59184.4169213,19.5126724,0.105450317,0,zi,116.6901196,35.9839773
663315400010409,59199.4701852,19.3354568,0.0933568776,0,zi,116.6903655,35.9839996
663315400010409,59202.4575579,19.588253,0.110870413,0,zi,116.6901536,35.9840742
663315400010409,59205.3435069,19.7483139,0.122717828,0,zi,116.6901479,35.9839743
