oid,mjd,mag,magerr,catflags,filtercode,ra,dec
615309200015071,59140.4890509,19.7147884,0.113159977,32,zi,116.6745426,27.1086469
615309200015071,59182.3487963,19.8090782,0.120226413,32,zi,116.6745473,27.1086347
615309200015071,59199.4682986,19.7468166,0.115539178,32,zi,116.6743453,27.1086668
615309200015071,59202.4580208,19.8848343,0.12601772,32,zi,116.6744977,27.1084891
