oid,mjd,mag,magerr,catflags,filtercode,ra,dec
663307100015605,58561.1245139,19.1993732,0.0787800848,0,zi,116.9481621,32.4788698
663307100015605,59140.4899769,19.5548248,0.10118185,0,zi,116.9482452,32.4788919
663307100015605,59184.4169213,19.2951317,0.0843941718,0,zi,116.9482619,32.4788971
663307100015605,59199.4701852,19.0514584,0.0707395449,0,zi,116.9482158,32.478942
663307100015605,59202.4575579,19.2866783,0.0838857144,1,zi,116.9482212,32.4789404
663307100015605,59205.3435069,19.4576607,0.0946441069,0,zi,116.948254,32.4788839
