oid,mjd,mag,magerr,catflags,filtercode,ra,dec
748315300014901,58261.1617245,19.8833637,0.138189793,0,zi,116.9489211,50.1101436
748315300014901,59140.4970486,20.4525528,0.172788411,0,zi,116.9488011,50.1101259
748315300014901,59177.4194444,19.920063,0.141020253,0,zi,116.9488289,50.1100691
748315300014901,59182.3516088,20.0883312,0.153532624,0,zi,116.9487265,50.110169
748315300014901,59184.4091898,20.1019592,0.154492348,0,zi,116.9487855,50.1100433
748315300014901,59190.387338,20.2083931,0.161543638,0,zi,116.9489039,50.1099872
748315300014901,59202.4561458,20.1827583,0.159927726,0,zi,116.9489087,50.1100982
748315300014901,59205.3458449,20.6364136,0.1824615,32768,zi,116.9487776,50.110068
