oid,mjd,mag,magerr,catflags,filtercode,ra,dec
566310300005082,59184.4037847,18.7037697,0.049965281,0,zi,117.4747756,19.5109804
566310300005082,59189.4241319,18.7563419,0.0519352369,0,zi,117.4747971,19.511003
566310300005082,59199.4409606,18.6762238,0.0489649922,0,zi,117.4748047,19.5109799
566310300005082,59202.4205093,18.6031227,0.0464138165,0,zi,117.4747499,19.5109878
566310300005082,59205.3416088,18.5994644,0.0462900028,0,zi,117.4747903,19.5109804
566310300005082,59210.4461574,18.6185379,0.0469395034,0,zi,117.4747884,19.5109827
566310300005082,59216.465787,18.5296459,0.0439958274,0,zi,117.4747993,19.5109706
