oid,mjd,mag,magerr,catflags,filtercode,ra,dec
783302400016390,59140.4927894,20.336853,0.168130368,0,zi,117.5902049,51.7128599
783302400016390,59182.3525463,20.4992676,0.174864754,0,zi,117.5901342,51.7129346
783302400016390,59190.3859144,19.9628029,0.14230448,0,zi,117.5904789,51.7128247
783302400016390,59199.4434838,20.0903797,0.151988775,0,zi,117.5900097,51.7128013
