oid,mjd,mag,magerr,catflags,filtercode,ra,dec
516316200002868,59166.5128588,19.1208153,0.0909260288,0,zi,118.3017739,15.1914359
516316200002868,59184.4051852,19.1412334,0.09225256,0,zi,118.3017756,15.1913703
516316200002868,59189.4236574,19.0173225,0.0844110847,0,zi,118.3018153,15.1915379
516316200002868,59199.4400231,19.2162399,0.0972364992,0,zi,118.3018337,15.1914108
516316200002868,59202.4585648,19.035965,0.08555834,0,zi,118.3017773,15.1913623
516316200002868,59205.3991435,18.9406433,0.0798164308,32768,zi,118.3020347,15.191458
