oid,mjd,mag,magerr,catflags,filtercode,ra,dec
616316100006343,58936.2498843,19.9757595,0.154926866,0,zi,118.658643,29.1553271
616316100006343,59202.4209838,19.8927288,0.148926914,0,zi,118.6585232,29.1552565
616316100006343,59205.3425579,20.1885452,0.167897642,0,zi,118.6586166,29.1552908
