oid,mjd,mag,magerr,catflags,filtercode,ra,dec
616308100003251,58936.2498843,19.543623,0.0994980186,0,zi,118.6670885,25.7470456
616308100003251,59180.4128588,19.2549286,0.0811967552,0,zi,118.6672016,25.7472283
616308100003251,59190.3901505,19.2360306,0.0800989866,0,zi,118.6670543,25.7470242
616308100003251,59199.4687616,19.0055466,0.0677231774,0,zi,118.6671471,25.7471147
616308100003251,59202.4209838,19.2555275,0.0812317207,0,zi,118.6671448,25.7470918
616308100003251,59205.3425579,19.187994,0.0773654282,0,zi,118.6671029,25.7470271
616308100003251,59210.4466319,19.0310898,0.0690032244,0,zi,118.6671242,25.7470217
