oid,mjd,mag,magerr,catflags,filtercode,ra,dec
663310400000711,58561.1245139,19.3409824,0.0918383747,0,zi,119.2110874,34.2124455
663310400000711,59140.4899769,19.4610615,0.0997067094,0,zi,119.2110197,34.212539
663310400000711,59184.4169213,19.1698284,0.0814524665,0,zi,119.2111119,34.2125806
663310400000711,59188.4659838,19.1901665,0.0826337934,0,zi,119.2110665,34.2125565
663310400000711,59199.4701852,19.1482048,0.0802123249,0,zi,119.2112652,34.2128012
663310400000711,59202.4575579,19.1656189,0.0812097788,0,zi,119.2109961,34.2125823
663310400000711,59205.3435069,19.1782951,0.081942454,0,zi,119.2110665,34.2126239
