oid,mjd,mag,magerr,catflags,filtercode,ra,dec
566301300015573,59184.4037847,20.1067924,0.146888778,0,zi,119.4533125,15.9822544
566301300015573,59189.4241319,20.4485092,0.163104609,0,zi,119.4534548,15.9821835
566301300015573,59199.4409606,20.3330727,0.159337536,0,zi,119.4534061,15.9822795
566301300015573,59205.3416088,20.2700005,0.156409323,0,zi,119.4534761,15.9822378
