oid,mjd,mag,magerr,catflags,filtercode,ra,dec
707309100005812,59140.4909144,20.4417648,0.176171541,0,zi,119.3395933,42.2224452
707309100005812,59181.4463773,20.2961788,0.169613838,0,zi,119.3397976,42.2224636
707309100005812,59182.3297106,20.5176773,0.1788342,0,zi,119.339534,42.2224114
707309100005812,59188.4669444,20.3232231,0.171082467,0,zi,119.3396391,42.2223949
707309100005812,59205.3463194,20.6535892,0.188044429,0,zi,119.3395791,42.2223859
