oid,mjd,mag,magerr,catflags,filtercode,ra,dec
663306400008133,59140.4899769,20.3148422,0.176206201,0,zi,119.680196,32.2521249
663306400008133,59205.3435069,20.1300335,0.163881451,0,zi,119.6802502,32.2523581
