oid,mjd,mag,magerr,catflags,filtercode,ra,dec
748310100005417,58261.1617245,19.6332359,0.115745381,0,zi,121.4583903,48.813871
748310100005417,59140.4970486,19.8445663,0.132514119,0,zi,121.4584419,48.8138101
748310100005417,59177.4194444,19.871624,0.134701148,0,zi,121.458366,48.8137649
748310100005417,59182.3516088,19.6353207,0.115906507,0,zi,121.4584737,48.8138278
748310100005417,59190.387338,19.5873165,0.112225555,0,zi,121.4585774,48.8138673
748310100005417,59199.4720833,19.3947144,0.0981559455,0,zi,121.4584018,48.8138156
748310100005417,59202.4561458,19.4951134,0.105340987,0,zi,121.4584677,48.813799
748310100005417,59205.3458449,19.817358,0.130319282,32768,zi,121.4584755,48.8137588
