oid,mjd,mag,magerr,catflags,filtercode,ra,dec
616310300000924,58936.2498843,19.2545586,0.0860577896,0,zi,121.4741949,27.0059295
616310300000924,59180.4128588,18.92173,0.0674308017,0,zi,121.4741422,27.0057904
616310300000924,59190.3901505,19.1452026,0.0794907883,0,zi,121.4741811,27.0059149
616310300000924,59199.4687616,19.0908241,0.0763888508,0,zi,121.474157,27.005931
616310300000924,59202.4209838,19.0826988,0.0759346634,0,zi,121.4741802,27.0059191
616310300000924,59205.3425579,19.1120338,0.0775858015,0,zi,121.4741921,27.0059195
616310300000924,59210.4466319,19.0851669,0.0760724097,0,zi,121.4742015,27.0058879
