oid,mjd,mag,magerr,catflags,filtercode,ra,dec
708315300003821,59184.4009722,19.9609127,0.143228427,0,zi,121.4729583,42.9300309
708315300003821,59216.4676736,19.944313,0.141963974,0,zi,121.4728431,42.9299383
