oid,mjd,mag,magerr,catflags,filtercode,ra,dec
748314100004470,58261.1617245,19.4628677,0.118906446,0,zi,121.5299674,50.8634466
748314100004470,58915.2677894,19.6138859,0.131373644,0,zi,121.5297643,50.8634343
748314100004470,59177.4194444,19.6679726,0.135924116,0,zi,121.529927,50.8633554
748314100004470,59182.3516088,19.7414608,0.142128497,0,zi,121.5298328,50.8634607
748314100004470,59184.4091898,19.9471016,0.159098744,0,zi,121.5298285,50.8634287
748314100004470,59190.387338,19.8864365,0.154215127,0,zi,121.5299893,50.8633467
748314100004470,59202.4561458,19.8555393,0.151676565,0,zi,121.5298123,50.8633282
748314100004470,59205.3458449,19.6947632,0.138185412,32768,zi,121.5300159,50.8634374
