oid,mjd,mag,magerr,catflags,filtercode,ra,dec
464303300027530,59184.4047222,20.0003452,0.139755145,0,zi,122.2274946,0.919557
464303300027530,59199.4658565,20.0063171,0.140182823,0,zi,122.2275743,0.9195951
464303300027530,59202.4297917,19.6985016,0.117656752,0,zi,122.2275126,0.9197604
