oid,mjd,mag,magerr,catflags,filtercode,ra,dec
784308400005291,58915.2686921,20.1809425,0.154711306,0,zi,122.070975,53.3533599
784308400005291,59140.4979861,20.4571972,0.174005955,0,zi,122.0710731,53.3533708
784308400005291,59184.4096528,20.1891174,0.155353412,0,zi,122.0709729,53.353333
784308400005291,59190.3983912,20.052887,0.144402057,0,zi,122.0708556,53.3533878
784308400005291,59199.4735417,19.7874489,0.122747913,0,zi,122.0709647,53.3533393
784308400005291,59202.4258796,20.1547279,0.152636081,0,zi,122.0707923,53.3533153
