oid,mjd,mag,magerr,catflags,filtercode,ra,dec
464311300000382,59180.4109838,18.6162338,0.0522392169,0,zi,122.1555326,5.4809219
464311300000382,59184.4047222,18.5760326,0.050706923,0,zi,122.1556437,5.480889
464311300000382,59188.4626736,18.5356579,0.0492153205,0,zi,122.1556775,5.4808731
464311300000382,59199.4658565,18.5460815,0.0495959185,0,zi,122.1556019,5.4809508
464311300000382,59202.4297917,18.5370159,0.0492647216,0,zi,122.1556284,5.4809498
464311300000382,59206.4630671,18.5689487,0.0504417792,32768,zi,122.1556354,5.480894
