oid,mjd,mag,magerr,catflags,filtercode,ra,dec
567307300013534,58936.2489699,19.2666187,0.0761394948,0,zi,122.651226,17.3397829
567307300013534,59181.4408102,19.3262405,0.0794585571,0,zi,122.6512122,17.339726
567307300013534,59184.4033218,19.1154613,0.0682810917,0,zi,122.6512107,17.3397651
567307300013534,59190.390625,19.3058052,0.0783068389,0,zi,122.6512275,17.3398206
567307300013534,59199.4668056,19.1271248,0.0688593686,0,zi,122.6513605,17.3396436
567307300013534,59202.4293056,19.1800404,0.071541585,0,zi,122.651223,17.339804
567307300013534,59205.3542014,19.1932907,0.0722283423,32768,zi,122.6512389,17.339791
567307300013534,59210.4452083,19.4707584,0.0880215615,0,zi,122.6512621,17.3398183
567307300013534,59216.464838,19.2915154,0.0775102451,0,zi,122.6513103,17.3398344
