oid,mjd,mag,magerr,catflags,filtercode,ra,dec
784311200006722,58915.2686921,19.0925884,0.0782703236,0,zi,123.0385745,56.0106066
784311200006722,59140.4979861,19.0571728,0.076201871,0,zi,123.0384935,56.010602
784311200006722,59184.4096528,19.2070351,0.0852859616,0,zi,123.0385097,56.0106103
784311200006722,59187.3226389,19.1637917,0.0825755522,0,zi,123.038529,56.0105857
784311200006722,59190.3983912,19.093811,0.078342624,0,zi,123.0385292,56.0106345
784311200006722,59199.4735417,19.1772003,0.0834082514,0,zi,123.0384644,56.0105648
784311200006722,59202.4258796,19.0315247,0.0747340247,0,zi,123.0385389,56.0106496
784311200006722,59205.4067477,19.1308384,0.0805587173,0,zi,123.0385407,56.0106305
