oid,mjd,mag,magerr,catflags,filtercode,ra,dec
516306100006793,59166.5128588,19.0343781,0.0748294592,0,zi,123.0766743,11.050165
516306100006793,59184.4051852,18.9869213,0.0722137392,0,zi,123.0766548,11.0501517
516306100006793,59189.4236574,19.0410995,0.0752065927,0,zi,123.0768361,11.0501149
516306100006793,59199.4400231,18.9291992,0.0691436157,0,zi,123.0766283,11.0501734
516306100006793,59202.4585648,18.9747715,0.0715573728,0,zi,123.0766415,11.0502225
516306100006793,59205.3991435,18.7796974,0.0617531277,32768,zi,123.0766177,11.050146
516306100006793,59216.4643634,19.052969,0.0758767128,0,zi,123.0767443,11.0501856
