oid,mjd,mag,magerr,catflags,filtercode,ra,dec
664308400018448,59177.444838,19.8277016,0.119780436,0,zi,123.0023238,32.1733299
664308400018448,59181.4413542,19.6526794,0.106601864,0,zi,123.0022662,32.17328
664308400018448,59184.4019097,19.588129,0.101966903,0,zi,123.0023174,32.1732712
664308400018448,59190.389213,19.4667053,0.0936284065,0,zi,123.0022989,32.1733151
664308400018448,59199.4697222,19.5292015,0.0978562087,0,zi,123.0022897,32.1734246
664308400018448,59205.3439699,19.5981102,0.102674775,0,zi,123.0022783,32.1732865
664308400018448,59216.4667361,19.5298576,0.0979012921,0,zi,123.002326,32.1733399
