oid,mjd,mag,magerr,catflags,filtercode,ra,dec
616309300005393,58936.2498843,20.0280743,0.145433009,0,zi,123.477109,26.4263507
616309300005393,59190.3901505,19.9339008,0.137986988,0,zi,123.4770251,26.4264293
616309300005393,59202.4209838,19.9965591,0.142957449,0,zi,123.4769467,26.4264377
616309300005393,59210.4466319,19.7624531,0.124339789,0,zi,123.4769261,26.42655
