oid,mjd,mag,magerr,catflags,filtercode,ra,dec
784311300007453,58915.2686921,19.6744995,0.115549125,0,zi,123.4143785,55.1499044
784311300007453,59140.4979861,19.4999371,0.102655739,0,zi,123.4144502,55.1499326
784311300007453,59184.4096528,19.4028206,0.0959111899,0,zi,123.4144216,55.1499039
784311300007453,59187.3226389,19.7069473,0.118040845,0,zi,123.4144382,55.149831
784311300007453,59190.3983912,19.5268021,0.104578324,0,zi,123.414451,55.1499662
784311300007453,59199.4735417,19.5210533,0.104164943,0,zi,123.4144356,55.149911
784311300007453,59202.4258796,19.455143,0.0995041355,0,zi,123.4143057,55.1497489
784311300007453,59205.4067477,19.6390095,0.112854943,0,zi,123.4143732,55.1499142
