oid,mjd,mag,magerr,catflags,filtercode,ra,dec
616309300006732,58936.2498843,19.3640747,0.0948126912,0,zi,123.7805371,26.2634417
616309300006732,59190.3901505,19.4159012,0.0983811915,0,zi,123.780524,26.2633604
616309300006732,59202.4209838,19.5165596,0.105571955,0,zi,123.7806107,26.2634688
616309300006732,59205.3425579,19.5301323,0.106566451,0,zi,123.780561,26.2634549
616309300006732,59210.4466319,19.2654533,0.088288717,0,zi,123.7805379,26.2634517
