oid,mjd,mag,magerr,catflags,filtercode,ra,dec
516309300006193,59166.5128588,19.8022423,0.116427988,0,zi,123.8108439,12.0945488
516309300006193,59184.4051852,19.6122894,0.103131607,0,zi,123.8109155,12.0946918
516309300006193,59189.4236574,19.6782761,0.107684404,0,zi,123.8109819,12.094525
516309300006193,59199.4400231,20.0241394,0.132174298,0,zi,123.810979,12.0944607
516309300006193,59202.4585648,19.6170502,0.103457116,0,zi,123.8107917,12.0945816
516309300006193,59205.3991435,19.8546467,0.120166451,32768,zi,123.8109759,12.0945436
