oid,mjd,mag,magerr,catflags,filtercode,ra,dec
784303200003047,58915.2686921,20.1282921,0.157679036,0,zi,124.0646302,52.6067906
784303200003047,59140.4979861,20.1897926,0.161469236,0,zi,124.0643952,52.6067965
784303200003047,59190.3983912,20.2966843,0.167036355,0,zi,124.06462,52.6068053
784303200003047,59199.4735417,20.1539059,0.159300938,0,zi,124.0648529,52.6067395
784303200003047,59205.4067477,20.0016346,0.148952127,32768,zi,124.0646958,52.6066484
