oid,mjd,mag,magerr,catflags,filtercode,ra,dec
784311300008044,58915.2686921,19.0195007,0.0726582482,0,zi,124.0640157,55.1043313
784311300008044,59140.4979861,18.9249363,0.0677576512,0,zi,124.0639997,55.1043452
784311300008044,59184.4096528,18.8958206,0.0663134158,0,zi,124.0639753,55.1043851
784311300008044,59187.3226389,18.8949471,0.0662706047,0,zi,124.0639736,55.1043033
784311300008044,59190.3983912,18.9278011,0.0679014325,0,zi,124.0640197,55.1043586
784311300008044,59199.4735417,18.7260513,0.0584774613,0,zi,124.0640058,55.1043285
784311300008044,59202.4258796,18.7741432,0.0605978779,0,zi,124.0640867,55.1043349
784311300008044,59205.4067477,18.7950096,0.0615419745,0,zi,124.063953,55.1043344
