oid,mjd,mag,magerr,catflags,filtercode,ra,dec
664315300006224,59177.444838,19.5267544,0.107636519,0,zi,124.3159376,36.1674649
664315300006224,59180.4142593,19.1649876,0.0832371563,0,zi,124.3160503,36.1673039
664315300006224,59184.4019097,19.3958778,0.0983056277,0,zi,124.3159518,36.1673217
664315300006224,59190.389213,19.4983654,0.105568826,0,zi,124.316022,36.1672844
664315300006224,59199.4697222,19.4970322,0.105472244,0,zi,124.3159848,36.167225
664315300006224,59202.4272917,19.2470589,0.0883772597,0,zi,124.3159366,36.1672141
664315300006224,59205.3439699,19.4367237,0.101161018,0,zi,124.3159569,36.1673013
