oid,mjd,mag,magerr,catflags,filtercode,ra,dec
784311400019616,58915.2686921,19.4934864,0.104051143,0,zi,124.5604531,55.0616528
784311400019616,59140.4979861,19.4644947,0.101958245,0,zi,124.5605153,55.0615835
784311400019616,59184.4096528,19.4257603,0.0992090106,0,zi,124.56045,55.0616984
784311400019616,59187.3226389,19.2661819,0.0884717926,0,zi,124.5604481,55.0616458
784311400019616,59190.3983912,19.3126087,0.0914960653,0,zi,124.5604539,55.0616643
784311400019616,59202.4258796,19.5284271,0.106612474,0,zi,124.5604421,55.0616285
784311400019616,59205.4067477,19.5189114,0.105910793,0,zi,124.5604522,55.0616641
