oid,mjd,mag,magerr,catflags,filtercode,ra,dec
708302100005778,59140.4998611,19.7069035,0.123272657,0,zi,124.6489577,38.3290662
708302100005778,59177.4189815,19.6437378,0.118420601,0,zi,124.648883,38.3290289
708302100005778,59181.4454282,19.531702,0.110033602,0,zi,124.6486613,38.3291968
708302100005778,59182.3506713,19.6224403,0.116802827,0,zi,124.6489078,38.3290964
708302100005778,59184.4009722,19.6280117,0.117225081,0,zi,124.6488945,38.3290626
708302100005778,59188.4674074,19.4982548,0.10759449,0,zi,124.6489024,38.3290552
708302100005778,59203.268206,19.7153816,0.123929329,0,zi,124.6490342,38.329204
708302100005778,59210.447662,19.4291458,0.102660879,0,zi,124.6488663,38.3290321
