oid,mjd,mag,magerr,catflags,filtercode,ra,dec
748305100011124,59202.4561458,20.5397549,0.184674978,0,zi,124.6185673,47.339288
749308200000857,59140.4989236,20.3482876,0.170530349,0,zi,124.6184509,47.3391497
749308200000857,59205.3453819,20.8569679,0.203282595,32768,zi,124.6186465,47.3391076
