oid,mjd,mag,magerr,catflags,filtercode,ra,dec
567310200003034,58936.2489699,19.7293186,0.10572391,0,zi,124.8107642,20.4977609
567310200003034,59173.3882986,18.9122925,0.0591772236,32768,zi,124.8105894,20.4976664
567310200003034,59181.4408102,19.7801342,0.10930185,0,zi,124.8105957,20.4977344
567310200003034,59184.4033218,19.7351151,0.106128998,0,zi,124.8107459,20.4977679
567310200003034,59199.4668056,19.4989262,0.090382874,0,zi,124.8108021,20.497728
567310200003034,59202.4293056,19.8222256,0.112308659,0,zi,124.8107668,20.4977739
567310200003034,59205.3542014,20.1070766,0.133215398,32768,zi,124.810598,20.4977577
567310200003034,59210.4452083,20.0123386,0.126222804,0,zi,124.8108494,20.4978374
