oid,mjd,mag,magerr,catflags,filtercode,ra,dec
664315100002274,59181.4413542,19.7493153,0.133523867,0,zi,124.8578108,36.7039864
664315100002274,59199.4697222,19.8636665,0.142555922,0,zi,124.8576122,36.7039359
664315100002274,59202.4272917,19.9127522,0.146364436,0,zi,124.8577952,36.7041072
664315100002274,59205.3439699,20.3254471,0.172111467,0,zi,124.857663,36.7040358
