oid,mjd,mag,magerr,catflags,filtercode,ra,dec
784307100017333,58915.2686921,20.2549076,0.160899982,0,zi,125.0581416,54.6259066
784307100017333,59184.4096528,19.7983818,0.125213295,0,zi,125.0581855,54.6258024
784307100017333,59187.3226389,19.6865921,0.116456695,0,zi,125.0580706,54.6256771
784307100017333,59190.3983912,19.9275246,0.13555266,0,zi,125.0580166,54.6258781
784307100017333,59199.4735417,19.9965515,0.14109841,0,zi,125.0581186,54.6257897
784307100017333,59202.4258796,19.4888115,0.101746306,0,zi,125.0581373,54.6260328
784307100017333,59205.4067477,19.8024445,0.125535861,0,zi,125.0581305,54.6259213
