oid,mjd,mag,magerr,catflags,filtercode,ra,dec
708302100000397,59140.4998611,20.5629044,0.18033421,0,zi,125.5599142,38.4579384
708302100000397,59184.4009722,20.5950127,0.182536244,0,zi,125.5598848,38.4581909
