oid,mjd,mag,magerr,catflags,filtercode,ra,dec
708302100011983,59181.4454282,20.0557022,0.150444418,0,zi,125.5541844,38.0626606
708302100011983,59182.3506713,20.1344414,0.156253994,0,zi,125.5541818,38.0624774
708302100011983,59184.4009722,19.9670124,0.143639475,0,zi,125.5543905,38.0624056
708302100011983,59188.4674074,20.2542534,0.164382219,0,zi,125.5541284,38.06232
708302100011983,59216.4676736,19.9110069,0.139262199,0,zi,125.5544809,38.0625051
