oid,mjd,mag,magerr,catflags,filtercode,ra,dec
567313200003721,58936.2489699,19.109684,0.0931955427,0,zi,126.3688902,22.3398819
567313200003721,59181.4408102,19.0036736,0.0861520022,0,zi,126.3689864,22.3399051
567313200003721,59184.4033218,19.0424595,0.0886801034,0,zi,126.3688754,22.3398326
567313200003721,59190.390625,19.0693512,0.0904662013,0,zi,126.3689401,22.3398484
567313200003721,59202.4293056,19.1575356,0.0965105817,0,zi,126.3688481,22.3398422
567313200003721,59205.3542014,19.3713379,0.112256557,32768,zi,126.3689341,22.3399075
567313200003721,59210.4452083,19.2129078,0.100447394,0,zi,126.3690045,22.3398461
567313200003721,59216.464838,19.0813713,0.0912733674,0,zi,126.3688714,22.3398713
