oid,mjd,mag,magerr,catflags,filtercode,ra,dec
517311200006593,59166.5142708,19.950079,0.130235612,0,zi,126.9871801,13.4873851
517311200006593,59184.3976389,19.5702705,0.102205373,0,zi,126.9872744,13.48743
517311200006593,59199.4653935,19.4989014,0.0972908884,0,zi,126.9870356,13.4874607
517311200006593,59202.4752199,19.8904209,0.125717565,0,zi,126.9871236,13.487409
517311200006593,59204.490625,19.763649,0.116189748,0,zi,126.9872106,13.4874584
517311200006593,59210.4447338,19.6502151,0.107879996,0,zi,126.9871681,13.4874244
