oid,mjd,mag,magerr,catflags,filtercode,ra,dec
749311200004264,58912.3126852,19.6663761,0.117344864,0,zi,127.1921802,48.727117
749311200004264,58915.2691319,19.7874374,0.127064273,0,zi,127.1919429,48.7268943
749311200004264,59140.4989236,19.6964569,0.119725563,0,zi,127.1921038,48.7270804
749311200004264,59179.3854167,19.7662525,0.125338644,0,zi,127.1923212,48.7270705
749311200004264,59190.3878009,19.5288544,0.106808133,0,zi,127.1919975,48.7271291
749311200004264,59199.4730671,19.2831364,0.0896327049,0,zi,127.1922284,48.7271166
749311200004264,59202.4263542,19.5186119,0.106048182,0,zi,127.1920573,48.7270714
749311200004264,59205.3453819,19.5581169,0.108999074,0,zi,127.1922128,48.7270174
