oid,mjd,mag,magerr,catflags,filtercode,ra,dec
617315300006459,59164.4998958,19.4832077,0.106138498,0,zi,127.391156,28.1967871
617315300006459,59179.3868403,19.4654312,0.10484945,0,zi,127.3911937,28.1968539
617315300006459,59184.4028472,19.2683773,0.0912546813,0,zi,127.3912465,28.1967981
617315300006459,59199.4672801,19.2399921,0.0894077122,0,zi,127.3911753,28.1966343
617315300006459,59202.4761458,19.2609577,0.0907691047,0,zi,127.3911596,28.1967656
617315300006459,59205.3537269,19.2650452,0.0910362974,32768,zi,127.3911438,28.1967665
617315300006459,59210.4456713,19.2942162,0.092961058,0,zi,127.3911384,28.1967547
617315300006459,59217.3018519,19.2719612,0.0914899036,0,zi,127.3912237,28.1968272
