oid,mjd,mag,magerr,catflags,filtercode,ra,dec
708309100001567,59140.4998611,20.0752602,0.160702333,0,zi,127.2748811,42.0345533
708309100001567,59184.4009722,20.0129757,0.156012312,0,zi,127.2748662,42.0345
708309100001567,59216.4676736,19.8802223,0.145485759,0,zi,127.2749138,42.0345966
709312200006060,58257.1715625,19.4328308,0.103405833,0,zi,127.2748909,42.0346832
709312200006060,59179.3858796,19.8829803,0.138074368,0,zi,127.2749776,42.0344485
709312200006060,59184.4014352,19.9541779,0.143666819,0,zi,127.2749557,42.0344596
709312200006060,59202.4268287,19.8320694,0.134042859,0,zi,127.274958,42.0346208
709312200006060,59205.3449074,20.2261066,0.163268387,0,zi,127.2748647,42.0345385
709312200006060,59216.4672106,19.6644249,0.120826572,0,zi,127.2750278,42.034565
