oid,mjd,mag,magerr,catflags,filtercode,ra,dec
749315300006080,58912.3126852,20.50103,0.179201365,0,zi,127.5102771,50.4944972
749315300006080,59140.4989236,20.4359474,0.177520886,0,zi,127.5101859,50.4945675
749315300006080,59190.3878009,20.3201466,0.172509894,0,zi,127.5103852,50.4943619
749315300006080,59205.3453819,20.2366295,0.167694688,0,zi,127.5102979,50.4945796
