oid,mjd,mag,magerr,catflags,filtercode,ra,dec
517315400005090,58257.1705671,18.5522709,0.054036472,0,zi,127.9905762,13.8796233
517315400005090,59166.5142708,18.9939308,0.0754953548,0,zi,127.99063,13.879474
517315400005090,59184.3976389,18.7977924,0.0651426092,0,zi,127.9905931,13.8794788
517315400005090,59189.4231944,19.2097244,0.0884515718,0,zi,127.9907537,13.8793464
517315400005090,59199.4653935,18.9617805,0.0737055242,0,zi,127.9907548,13.8793621
517315400005090,59202.4752199,19.1314106,0.083561644,0,zi,127.9906003,13.87948
517315400005090,59204.490625,19.081068,0.0805305541,0,zi,127.9906484,13.879424
