oid,mjd,mag,magerr,catflags,filtercode,ra,dec
664313300013303,59177.444838,19.8864784,0.155346006,0,zi,128.2037253,35.6211312
664313300013303,59184.4019097,20.2467117,0.180950627,0,zi,128.2035498,35.6211405
664313300013303,59205.3439699,20.2109451,0.17901665,0,zi,128.2035735,35.6210959
