oid,mjd,mag,magerr,catflags,filtercode,ra,dec
664309200010606,59173.3892361,19.1092796,0.0799579769,32768,zi,128.0268813,34.9717307
664309200010606,59177.444838,19.8115311,0.130475044,0,zi,128.0268438,34.9715923
664309200010606,59180.4142593,19.3552628,0.0957619995,0,zi,128.0266439,34.9714291
664309200010606,59181.4413542,19.812624,0.130564004,0,zi,128.0267858,34.9716414
664309200010606,59184.4019097,19.866806,0.134986982,0,zi,128.0268051,34.9715141
664309200010606,59190.389213,19.5177822,0.107426532,0,zi,128.0267929,34.9716731
664309200010606,59199.4697222,19.7235012,0.123366147,0,zi,128.026663,34.9716522
664309200010606,59205.3439699,19.9025421,0.137912661,0,zi,128.0267705,34.9716384
664309200010606,59216.4667361,19.5002975,0.106128238,0,zi,128.0267158,34.9715845
