oid,mjd,mag,magerr,catflags,filtercode,ra,dec
784302100011260,58915.2686921,19.9168835,0.139967725,0,zi,128.1923608,52.4239907
784302100011260,59140.4979861,19.6724644,0.120482221,0,zi,128.1923079,52.4239189
784302100011260,59184.4096528,19.5983105,0.114749566,0,zi,128.1922402,52.423961
784302100011260,59187.3226389,19.4050598,0.100524463,0,zi,128.1921846,52.4239117
784302100011260,59190.3983912,19.3958874,0.0998789072,0,zi,128.1923445,52.423959
784302100011260,59199.4735417,19.4204903,0.101616949,0,zi,128.1921472,52.4238871
784302100011260,59202.4258796,19.5541687,0.111402422,0,zi,128.1924078,52.4240064
784302100011260,59205.4067477,19.536005,0.110040784,0,zi,128.1923686,52.4239962
