oid,mjd,mag,magerr,catflags,filtercode,ra,dec
517315400003816,58257.1705671,18.4792709,0.0511090346,0,zi,128.0072936,14.0804554
517315400003816,59166.5142708,19.0129318,0.0765703991,0,zi,128.0073903,14.0802501
517315400003816,59179.3978704,18.8093872,0.0657172427,0,zi,128.0074992,14.0802708
517315400003816,59184.3976389,18.9007931,0.0704107285,0,zi,128.0074043,14.0802614
517315400003816,59189.4231944,18.8727245,0.0689383894,0,zi,128.0073346,14.0803269
517315400003816,59199.4653935,18.6497803,0.058209233,0,zi,128.0073707,14.080237
517315400003816,59202.4752199,18.7524109,0.0629381165,0,zi,128.0073701,14.0802562
517315400003816,59204.490625,18.8200684,0.0662506819,0,zi,128.0073433,14.080242
517315400003816,59210.4447338,18.7979774,0.0651517957,0,zi,128.0073393,14.0802502
