oid,mjd,mag,magerr,catflags,filtercode,ra,dec
749315100005984,59140.4989236,20.2869568,0.181330666,0,zi,128.5276072,51.3466301
749315100005984,59179.3854167,19.9045982,0.156148136,0,zi,128.5279593,51.3462748
749315100005984,59205.3453819,20.2268982,0.178501591,32768,zi,128.5274302,51.3467023
784302400012010,59140.4979861,20.4471893,0.177552,0,zi,128.5276,51.3465517
784302400012010,59202.4258796,20.140255,0.162946999,0,zi,128.5275496,51.3466225
