oid,mjd,mag,magerr,catflags,filtercode,ra,dec
617315400012371,59164.4998958,20.0505219,0.152162552,0,zi,128.5083891,28.4140934
617315400012371,59184.4028472,19.5345249,0.111612462,0,zi,128.5082937,28.4141905
617315400012371,59190.3896759,19.8502274,0.136451215,0,zi,128.5083538,28.414194
617315400012371,59202.4761458,19.773695,0.130324662,0,zi,128.5083144,28.4141278
617315400012371,59210.4456713,19.808218,0.133087352,0,zi,128.5083577,28.4142185
617315400012371,59217.3018519,19.8513107,0.13653791,0,zi,128.5083442,28.4141809
