oid,mjd,mag,magerr,catflags,filtercode,ra,dec
784310100005234,58915.2686921,18.3381062,0.0461802557,0,zi,128.7851304,56.1649967
784310100005234,59140.4979861,18.301405,0.0449236669,0,zi,128.7851362,56.1649711
784310100005234,59184.4096528,18.2592506,0.0435274392,0,zi,128.7851501,56.1649789
784310100005234,59187.3226389,18.3084984,0.0451635532,0,zi,128.7850859,56.1650082
784310100005234,59190.3983912,18.3089638,0.0451793224,0,zi,128.7851467,56.1649855
784310100005234,59199.4735417,18.3878326,0.0479451641,0,zi,128.7852113,56.164991
784310100005234,59202.4258796,18.3710976,0.0473430753,0,zi,128.7851299,56.1650262
784310100005234,59205.4067477,18.3560295,0.0468080267,0,zi,128.7851384,56.1649764
784310100005234,59215.3849537,18.3121071,0.045286119,0,zi,128.7852027,56.1650347
