oid,mjd,mag,magerr,catflags,filtercode,ra,dec
749307100011523,58912.3126852,19.8554173,0.132681742,0,zi,128.761967,47.56894
749307100011523,58915.2691319,19.636816,0.115172327,0,zi,128.7620102,47.5688472
749307100011523,59140.4989236,19.8737984,0.134188384,0,zi,128.7619401,47.5688955
749307100011523,59179.3854167,19.7262115,0.122216038,0,zi,128.7619703,47.5689297
749307100011523,59199.4730671,19.4898777,0.104087919,0,zi,128.7618613,47.5688208
749307100011523,59202.4263542,19.777029,0.126299918,0,zi,128.7618761,47.5688663
749307100011523,59205.3453819,19.7248344,0.122106098,0,zi,128.7619584,47.5689042
