oid,mjd,mag,magerr,catflags,filtercode,ra,dec
709304100004663,59173.3906481,19.1049366,0.0825616568,32768,zi,128.8046336,37.6677754
709304100004663,59179.3858796,19.3462486,0.098143287,0,zi,128.8044918,37.6677486
709304100004663,59184.4014352,19.2046146,0.0887456015,0,zi,128.8045611,37.6677498
709304100004663,59190.3887384,19.439682,0.10471233,0,zi,128.8045222,37.6677799
709304100004663,59202.4268287,19.4175644,0.103132382,0,zi,128.804576,37.6677844
709304100004663,59205.3449074,19.3505077,0.0984366015,0,zi,128.8045552,37.6677601
709304100004663,59210.4486227,19.3123074,0.095827803,32768,zi,128.8046373,37.6678092
709304100004663,59216.4672106,19.1746712,0.0868498608,0,zi,128.8044959,37.6677287
