oid,mjd,mag,magerr,catflags,filtercode,ra,dec
517302300002132,58257.1705671,18.9031506,0.0683628172,0,zi,129.3015263,8.4383368
517302300002132,59166.5142708,18.5306034,0.0518260673,0,zi,129.3015783,8.4383054
517302300002132,59179.3978704,18.6017761,0.0546461008,0,zi,129.3016074,8.4382668
517302300002132,59184.3976389,18.493578,0.0504187085,0,zi,129.3015272,8.438276999999998
517302300002132,59189.4231944,18.5535488,0.0527185723,0,zi,129.3015114,8.438245
517302300002132,59199.4653935,18.566534,0.0532306507,0,zi,129.3015415,8.438359699999998
517302300002132,59202.4752199,18.483078,0.0500268824,0,zi,129.3015819,8.4382915
517302300002132,59204.490625,18.5337486,0.0519474559,0,zi,129.3015799,8.438291299999998
517302300002132,59210.4447338,18.4171734,0.0476395972,0,zi,129.3015607,8.4382941
