oid,mjd,mag,magerr,catflags,filtercode,ra,dec
709311300003964,58257.1715625,19.232193,0.0833002552,0,zi,129.6370055,40.8198612
709311300003964,59173.3906481,18.8048763,0.0606057271,32768,zi,129.637011,40.8197638
709311300003964,59180.4151968,19.0326118,0.0718715191,0,zi,129.6373623,40.8199085
709311300003964,59184.4014352,19.23629,0.0835504979,0,zi,129.6370089,40.8197986
709311300003964,59190.3887384,19.0098743,0.070663318,0,zi,129.6370398,40.8198091
709311300003964,59199.4459722,19.196125,0.0811245292,0,zi,129.6370179,40.819856
709311300003964,59202.4268287,19.0621071,0.073467195,0,zi,129.6369837,40.8197697
709311300003964,59205.3449074,19.1248722,0.076969862,0,zi,129.6370672,40.8197875
709311300003964,59216.4672106,19.1144485,0.0763780177,0,zi,129.6370013,40.8197791
