oid,mjd,mag,magerr,catflags,filtercode,ra,dec
465303100000488,59184.3766667,19.3101349,0.0978019685,0,zi,130.4151052,2.5060459
465303100000488,59190.3911111,19.0879745,0.0833872184,0,zi,130.4151249,2.506007
465303100000488,59199.4621065,19.0404816,0.0805238187,0,zi,130.4150572,2.5060114
465303100000488,59202.4767014,19.2041664,0.0907221287,0,zi,130.4152625,2.5060902
465303100000488,59216.4638889,19.2067318,0.0908892304,0,zi,130.4150122,2.506169
