oid,mjd,mag,magerr,catflags,filtercode,ra,dec
709307300000874,59190.3887384,19.9942398,0.140816852,0,zi,130.6466825,39.3638449
709307300000874,59199.4459722,19.7334232,0.119407959,0,zi,130.6467063,39.3639043
709307300000874,59202.4268287,20.1105499,0.150503993,0,zi,130.6468068,39.3639129
709307300000874,59205.3449074,20.1451759,0.153353095,0,zi,130.6467379,39.3638344
709307300000874,59216.4672106,19.9930325,0.140715957,0,zi,130.6466454,39.3638152
