oid,mjd,mag,magerr,catflags,filtercode,ra,dec
709315300008600,58257.1715625,19.460537,0.108664803,0,zi,130.6386357,42.8292862
709315300008600,59179.3858796,20.1457596,0.160947964,0,zi,130.6387823,42.8292227
709315300008600,59184.4014352,20.1742229,0.162793279,0,zi,130.638787,42.8290686
709315300008600,59202.4268287,19.860157,0.139771,0,zi,130.638553,42.8290279
709315300008600,59205.3449074,19.9898129,0.149814203,0,zi,130.6388349,42.8291503
709315300008600,59216.4672106,19.6134014,0.120297641,0,zi,130.6387182,42.8289945
