oid,mjd,mag,magerr,catflags,filtercode,ra,dec
465310300005740,59181.4337384,19.2664051,0.0863425508,0,zi,131.2084381,4.9648992
465310300005740,59184.3766667,19.3291759,0.0902712494,0,zi,131.2083956,4.9647049
465310300005740,59190.3911111,19.2777748,0.0870443732,0,zi,131.2084485,4.964702
465310300005740,59199.4621065,19.1904964,0.0817703009,0,zi,131.2084133,4.9647536
465310300005740,59202.4767014,19.1624908,0.080133684,0,zi,131.2085215,4.9647401
465310300005740,59206.4621296,19.1534424,0.0796106681,32768,zi,131.2085176,4.9648239
