oid,mjd,mag,magerr,catflags,filtercode,ra,dec
568306200016400,59166.5161343,20.0674725,0.15037477,0,zi,131.1768258,18.0096547
568306200016400,59176.4774769,19.9189529,0.138484955,0,zi,131.1767695,18.0096298
568306200016400,59184.4076852,19.8768692,0.135062367,0,zi,131.1768221,18.0096694
568306200016400,59199.464919,19.8490677,0.132800102,0,zi,131.1767209,18.0097483
568306200016400,59202.4756829,19.9272442,0.139158189,0,zi,131.1768717,18.0096145
568306200016400,59205.4005787,18.8937035,0.0671533048,32768,zi,131.1766057,18.0096384
568306200016400,59210.4442708,19.7729492,0.126627922,0,zi,131.1766921,18.0096224
568306200016400,59217.3023264,19.6280231,0.115111955,0,zi,131.1769309,18.0096433
