oid,mjd,mag,magerr,catflags,filtercode,ra,dec
785304300000789,59205.4062616,20.4219093,0.177573591,0,zi,131.8738854,51.8965125
