oid,mjd,mag,magerr,catflags,filtercode,ra,dec
665307300006489,59184.4081944,19.8828583,0.1328419,0,zi,131.8133746,32.1569414
665307300006489,59190.3978009,19.7019386,0.119098932,0,zi,131.8133711,32.156937
665307300006489,59199.4692477,19.8263092,0.1285339,0,zi,131.8133966,32.1569167
665307300006489,59202.4464005,19.7498436,0.122717135,0,zi,131.8135138,32.1569411
665307300006489,59205.3444444,19.7722588,0.12441849,0,zi,131.8134529,32.1569243
