oid,mjd,mag,magerr,catflags,filtercode,ra,dec
465302400011714,59181.4337384,18.5691376,0.0571704842,0,zi,132.2338069,1.2609898
465302400011714,59184.3766667,18.8786011,0.0718165934,0,zi,132.2336936,1.2609424
465302400011714,59190.3911111,18.8990536,0.0728984475,0,zi,132.2336789,1.260998
465302400011714,59199.4621065,18.7796326,0.066784516,0,zi,132.2336916,1.2609466
465302400011714,59202.4767014,18.7151966,0.0636868328,0,zi,132.2336526,1.2609499
465302400011714,59206.4621296,18.9556427,0.0759676248,32768,zi,132.2334617,1.2610905
465302400011714,59216.4638889,19.018837,0.0795267373,0,zi,132.2336117,1.2608663
