oid,mjd,mag,magerr,catflags,filtercode,ra,dec
665315100006725,59184.4081944,19.5179634,0.124260351,0,zi,132.5722002,36.8472506
665315100006725,59190.3978009,19.5149155,0.124016747,0,zi,132.5720476,36.8473718
665315100006725,59202.4464005,19.4827328,0.121453628,0,zi,132.571997,36.8472764
665315100006725,59205.3444444,19.7261543,0.141038269,0,zi,132.5720502,36.8472663
709302300009176,59179.3858796,19.7247028,0.128161088,0,zi,132.5721823,36.8472711
709302300009176,59190.3887384,19.6856728,0.125066906,0,zi,132.5721286,36.8473847
709302300009176,59199.4459722,19.8111591,0.135075927,0,zi,132.5720599,36.8472903
709302300009176,59202.4268287,19.7282791,0.128445685,0,zi,132.5721373,36.847209
