oid,mjd,mag,magerr,catflags,filtercode,ra,dec
749309200021096,58257.173588,19.9268246,0.147721648,0,zi,132.7451542,49.0330163
749309200021096,58912.3126852,20.3951683,0.184704751,0,zi,132.7450151,49.0328843
749309200021096,58915.2691319,19.9070168,0.145987034,0,zi,132.7450488,49.0330513
749309200021096,59140.4989236,20.3842964,0.184049606,0,zi,132.7453144,49.0329428
749309200021096,59190.3878009,20.0759163,0.160654783,0,zi,132.7453134,49.0329349
749309200021096,59199.4730671,19.8262672,0.138930678,0,zi,132.7448586,49.032768
749309200021096,59210.4490856,19.0160389,0.0782442912,0,zi,132.7450902,49.0328886
