oid,mjd,mag,magerr,catflags,filtercode,ra,dec
518304100014381,59166.5166088,19.1235867,0.0844887495,0,zi,133.1724543,9.6982424
518304100014381,59179.3983333,19.2279758,0.0910566151,0,zi,133.1723565,9.698374500000002
518304100014381,59186.416875,18.8760052,0.0704647601,0,zi,133.1720887,9.6986034
518304100014381,59190.3777778,18.8999958,0.0717277005,0,zi,133.1724131,9.6982827
518304100014381,59199.4635185,19.2357426,0.091560483,0,zi,133.1725232,9.6982496
518304100014381,59202.4288194,19.0353527,0.0792386383,0,zi,133.1724308,9.698172
518304100014381,59217.3027894,19.0800972,0.0818662494,0,zi,133.1724715,9.6982377
