oid,mjd,mag,magerr,catflags,filtercode,ra,dec
709314400003607,58257.1715625,19.025732,0.081235379,0,zi,133.9470113,42.8392835
709314400003607,59173.3906481,18.9082432,0.0743707344,32768,zi,133.9471816,42.8392399
709314400003607,59179.3858796,19.1592026,0.0896710679,0,zi,133.9471797,42.8391857
709314400003607,59180.4151968,18.9989071,0.0796217769,0,zi,133.9471217,42.8394737
709314400003607,59184.4014352,19.0711727,0.0840314105,0,zi,133.9472144,42.8391707
709314400003607,59199.4459722,19.0127811,0.0804529041,0,zi,133.9472362,42.8392225
709314400003607,59202.4268287,18.9385719,0.0760925561,0,zi,133.947206,42.8391993
709314400003607,59205.3449074,19.0478821,0.0825885013,0,zi,133.9472284,42.8391751
709314400003607,59216.4672106,19.1121559,0.0866206214,0,zi,133.947222,42.8391941
