oid,mjd,mag,magerr,catflags,filtercode,ra,dec
665310300015121,59184.4081944,19.5348721,0.102345616,0,zi,134.195078,33.9422712
665310300015121,59190.3978009,20.0549316,0.142332718,0,zi,134.1951464,33.9424815
665310300015121,59199.4692477,19.5787468,0.10548161,0,zi,134.1951641,33.9422472
665310300015121,59202.4464005,19.6757603,0.112626262,0,zi,134.195106,33.9422293
665310300015121,59205.3444444,19.6308632,0.109285384,0,zi,134.1950823,33.9423179
