oid,mjd,mag,magerr,catflags,filtercode,ra,dec
466304200017790,59184.3857523,18.6561508,0.0627420172,0,zi,134.6246991,1.8426519
466304200017790,59190.3773032,18.7674065,0.0681854934,0,zi,134.6247075,1.8426323
466304200017790,59199.463044,18.6765327,0.0637065768,0,zi,134.6247598,1.8426431
466304200017790,59202.4401852,18.6532478,0.062605828,0,zi,134.6246702,1.8426167
466304200017790,59217.3032639,18.6611633,0.0629779026,0,zi,134.6246963,1.8426555
