oid,mjd,mag,magerr,catflags,filtercode,ra,dec
518311300005285,59166.5166088,19.3120766,0.0868323222,0,zi,134.6869914,12.5387711
518311300005285,59179.3983333,19.2454739,0.0827464536,0,zi,134.6870748,12.5388394
518311300005285,59190.3777778,19.364193,0.0901382565,0,zi,134.6869627,12.5388808
518311300005285,59199.4635185,19.2660599,0.0839925706,0,zi,134.6870552,12.5387894
518311300005285,59202.4288194,19.3378277,0.0884540081,0,zi,134.6870113,12.538808
518311300005285,59205.4001042,19.4656029,0.0968361199,32768,zi,134.6871085,12.5386769
518311300005285,59210.4433218,18.9931431,0.0687033236,32768,zi,134.6868171,12.5388149
