oid,mjd,mag,magerr,catflags,filtercode,ra,dec
665306100010935,59184.4081944,18.9404278,0.0779014304,0,zi,134.5823435,32.9655513
665306100010935,59190.3978009,19.113308,0.0888541937,0,zi,134.5823747,32.9655941
665306100010935,59199.4692477,19.2686081,0.0997314081,0,zi,134.582351,32.9655178
665306100010935,59202.4464005,19.1237106,0.0895524397,0,zi,134.5822533,32.9655562
665306100010935,59205.3444444,19.2481861,0.0982465744,0,zi,134.5823325,32.96554
