oid,mjd,mag,magerr,catflags,filtercode,ra,dec
816312400003061,58257.2008796,19.8844624,0.135422483,0,zi,134.9691848,62.6717984
816312400003061,59190.3824769,20.0581245,0.14977695,0,zi,134.9694808,62.6720257
