oid,mjd,mag,magerr,catflags,filtercode,ra,dec
466312100000030,59184.3857523,19.0592213,0.0753070936,0,zi,134.7503274,6.3706926
466312100000030,59190.3773032,19.1649704,0.0814861581,0,zi,134.7503006,6.3707337
466312100000030,59199.463044,19.1393318,0.0799504966,0,zi,134.7503978,6.3707327
466312100000030,59202.4401852,19.2995262,0.0899353996,0,zi,134.7504015,6.3708143
466312100000030,59217.3032639,19.3590622,0.0938789248,0,zi,134.7502541,6.3707695
