oid,mjd,mag,magerr,catflags,filtercode,ra,dec
709313300004816,58257.1715625,19.5206795,0.12827307,0,zi,134.7967448,42.6884711
709313300004816,59180.4151968,18.9359703,0.0838243738,0,zi,134.7970482,42.6884633
709313300004816,59184.4014352,19.7414169,0.14765197,0,zi,134.7968075,42.6885143
709313300004816,59190.3887384,19.6861534,0.142756552,0,zi,134.7966634,42.688581
709313300004816,59199.4459722,19.5077229,0.127160519,0,zi,134.7968281,42.6883851
709313300004816,59202.4268287,19.5157013,0.127845138,0,zi,134.7967441,42.6885592
709313300004816,59205.3449074,19.8014832,0.15295957,0,zi,134.7968605,42.6885028
709313300004816,59210.4486227,19.4865761,0.125353694,0,zi,134.7966632,42.6885529
