oid,mjd,mag,magerr,catflags,filtercode,ra,dec
816312100003128,58257.2008796,19.4180069,0.102804184,0,zi,135.1130669,63.4789361
816312100003128,58261.1984028,19.5876598,0.115625352,0,zi,135.1131588,63.4789758
816312100003128,58915.2608565,19.5497208,0.112682946,0,zi,135.1131933,63.4790312
816312100003128,59184.3387616,19.5806732,0.115080506,0,zi,135.1131763,63.4789116
816312100003128,59187.3216898,19.2058029,0.0881520957,0,zi,135.1130988,63.479035
816312100003128,59190.3824769,19.369976,0.0993448645,0,zi,135.1131274,63.4789158
816312100003128,59199.4745023,19.246664,0.0908439755,0,zi,135.1130507,63.4790676
816312100003128,59202.4532176,19.4933624,0.108388878,0,zi,135.1133875,63.4789484
