oid,mjd,mag,magerr,catflags,filtercode,ra,dec
665314100004893,59184.4081944,19.7900219,0.145973951,0,zi,135.4470212,36.2734697
665314100004893,59190.3978009,19.4683971,0.119936623,0,zi,135.4470213,36.2736203
665314100004893,59202.4464005,19.5446491,0.126068294,0,zi,135.4469595,36.2734345
665314100004893,59205.3444444,19.5156097,0.123722501,0,zi,135.4469197,36.2734857
665314100004893,59217.3004398,19.553833,0.126812413,32768,zi,135.4468437,36.2734952
