oid,mjd,mag,magerr,catflags,filtercode,ra,dec
415315100009346,59199.462581,20.1209297,0.180342704,0,zi,135.4531756,0.7619917
