oid,mjd,mag,magerr,catflags,filtercode,ra,dec
466308100006456,59184.3857523,18.4145622,0.0454367585,0,zi,135.5304995,3.8407853
466308100006456,59190.3773032,18.3041611,0.0417984277,0,zi,135.5304741,3.8407643
466308100006456,59199.463044,18.2890854,0.0413270295,0,zi,135.5305261,3.8407662
466308100006456,59202.4401852,18.4714489,0.0474442467,0,zi,135.530484,3.8408288
466308100006456,59217.3032639,18.3874016,0.0445106626,0,zi,135.5305382,3.8408243
