oid,mjd,mag,magerr,catflags,filtercode,ra,dec
665313300009733,59184.4081944,18.6000061,0.0653347597,0,zi,135.8788443,35.4450556
665313300009733,59190.3978009,18.5603275,0.0633443296,0,zi,135.878828,35.4450589
665313300009733,59199.4692477,18.5265865,0.0616988242,0,zi,135.8788692,35.4450375
665313300009733,59202.4464005,18.5773392,0.0641903579,0,zi,135.8789468,35.4450357
665313300009733,59205.3444444,18.7227097,0.0718777329,0,zi,135.8788355,35.4450475
665313300009733,59217.3004398,18.7251797,0.0720155612,0,zi,135.8788611,35.4450698
