oid,mjd,mag,magerr,catflags,filtercode,ra,dec
466307200005556,59184.3857523,18.9604321,0.0702093765,0,zi,135.8251671,3.8717813
466307200005556,59190.3773032,18.9071808,0.0674262121,0,zi,135.8251839,3.8717845
466307200005556,59199.463044,18.9484062,0.0695717409,0,zi,135.8251788,3.87182
466307200005556,59202.4401852,18.7825356,0.0613117516,0,zi,135.8251942,3.8717869
466307200005556,59205.3996412,18.710413,0.0580220483,32768,zi,135.8251735,3.8717397
466307200005556,59217.3032639,18.9171276,0.0679382011,0,zi,135.8251902,3.8717856
