oid,mjd,mag,magerr,catflags,filtercode,ra,dec
518310200000807,59166.5166088,18.9121532,0.0674896464,0,zi,136.2827202,13.4375792
518310200000807,59179.3983333,18.8376923,0.063844189,0,zi,136.2827127,13.4375898
518310200000807,59186.416875,18.7913551,0.0616710298,0,zi,136.2826391,13.4378174
518310200000807,59190.3777778,18.8422012,0.0640595034,0,zi,136.2826871,13.4374998
518310200000807,59199.4635185,18.9093266,0.067347765,0,zi,136.282671,13.4375912
518310200000807,59202.4288194,18.8367691,0.0638001412,0,zi,136.2827739,13.4375529
518310200000807,59205.4001042,18.8917255,0.0664705113,32768,zi,136.2827064,13.4375821
518310200000807,59210.4433218,18.696043,0.0574255735,32768,zi,136.282725,13.4375827
518310200000807,59217.3027894,18.7945213,0.0618172176,0,zi,136.2827203,13.4375904
