oid,mjd,mag,magerr,catflags,filtercode,ra,dec
665313200007504,59190.3978009,19.7004204,0.150726318,0,zi,136.4442101,36.5904852
665313200007504,59202.4464005,20.1574821,0.18416366,0,zi,136.4442463,36.5906599
