oid,mjd,mag,magerr,catflags,filtercode,ra,dec
618302300002448,59164.4994329,18.924448,0.0738302469,0,zi,136.7350926,22.9379326
618302300002448,59166.5194213,18.8972244,0.0723323002,0,zi,136.7350259,22.9379775
618302300002448,59180.4170718,18.7743378,0.0658986419,0,zi,136.7349727,22.9380041
618302300002448,59181.4351505,18.9089928,0.0729765892,0,zi,136.7350109,22.9380015
618302300002448,59184.4023843,19.0649052,0.0819804072,0,zi,136.7350082,22.937987
618302300002448,59190.3791782,18.932951,0.07430356,0,zi,136.7350252,22.9379424
618302300002448,59199.4644444,18.8933868,0.0721232817,0,zi,136.7350436,22.9379431
618302300002448,59202.4278819,18.9075222,0.0728957802,0,zi,136.7350703,22.9379738
618302300002448,59217.3013773,18.7915459,0.0667674541,0,zi,136.735045,22.9380985
