oid,mjd,mag,magerr,catflags,filtercode,ra,dec
665309200018444,59184.4081944,19.4579659,0.106623955,0,zi,136.5976897,34.6195248
665309200018444,59190.3978009,19.1432304,0.0848128647,32768,zi,136.5976361,34.6195519
665309200018444,59199.4692477,19.392065,0.101774871,0,zi,136.5976605,34.6195358
665309200018444,59202.4464005,19.4850292,0.108653709,0,zi,136.5977256,34.6194911
665309200018444,59205.3444444,19.3837814,0.101175278,0,zi,136.5977091,34.61952
