oid,mjd,mag,magerr,catflags,filtercode,ra,dec
518310300001682,59166.5166088,19.3644009,0.0946221054,0,zi,136.690119,12.4202282
518310300001682,59179.3983333,19.1576996,0.0814160556,0,zi,136.6902426,12.4201942
518310300001682,59186.416875,18.6279221,0.0545810238,0,zi,136.689812,12.4204337
518310300001682,59190.3777778,19.2132626,0.0848156735,0,zi,136.6901356,12.4202871
518310300001682,59199.4635185,19.1906681,0.0834196731,0,zi,136.6901291,12.4203262
518310300001682,59202.4288194,19.4927025,0.103552915,0,zi,136.690272,12.4202779
518310300001682,59205.4001042,19.1839828,0.0830101818,32768,zi,136.6901414,12.4202469
518310300001682,59217.3027894,19.2436409,0.0867216587,0,zi,136.6901124,12.420149
