oid,mjd,mag,magerr,catflags,filtercode,ra,dec
466306200002384,59184.3857523,19.9262047,0.150743246,0,zi,137.7278538,4.2133151
466306200002384,59190.3773032,20.1571922,0.169392079,0,zi,137.7278906,4.2133833
