oid,mjd,mag,magerr,catflags,filtercode,ra,dec
415313200007405,59188.4621875,19.0464363,0.112258837,0,zi,137.7580945,0.8485852999999999
466302300006228,59184.3857523,19.1362438,0.0872261599,0,zi,137.7581719,0.8486065
466302300006228,59190.3773032,19.4969006,0.112390697,0,zi,137.7582672,0.8485580999999999
466302300006228,59199.463044,19.0937157,0.084556371,0,zi,137.7582337,0.8485738999999999
466302300006228,59202.4401852,19.4016075,0.105334736,0,zi,137.7582172,0.8485646
