oid,mjd,mag,magerr,catflags,filtercode,ra,dec
785314300009893,58257.201331,19.8220291,0.139539033,0,zi,138.1854692,57.3513965
785314300009893,58261.1914236,20.0122128,0.15456292,0,zi,138.1853781,57.3516071
785314300009893,58912.3122222,20.081316,0.15967685,0,zi,138.1852149,57.3515699
785314300009893,59184.4101389,19.9175892,0.147204697,0,zi,138.1852278,57.3514574
785314300009893,59190.3820023,19.7525196,0.13390851,0,zi,138.1853193,57.3515105
785314300009893,59199.4454861,19.9750195,0.151710004,0,zi,138.1852874,57.351504
785314300009893,59202.4536806,19.9538345,0.150060475,0,zi,138.1853631,57.3515474
785314300009893,59205.4062616,19.8612328,0.142701253,0,zi,138.1854334,57.3515748
