oid,mjd,mag,magerr,catflags,filtercode,ra,dec
415309200000570,59184.3971644,19.7018642,0.139442518,0,zi,138.2148783,-0.8659295
415309200000570,59188.4621875,19.7515106,0.143594176,0,zi,138.2148441,-0.8659476999999999
