oid,mjd,mag,magerr,catflags,filtercode,ra,dec
466306300022928,59184.3857523,20.0087318,0.156300098,0,zi,138.2633272,3.0188613
466306300022928,59202.4401852,19.8173218,0.140180811,0,zi,138.263392,3.0191738
