oid,mjd,mag,magerr,catflags,filtercode,ra,dec
518301300005988,59166.5166088,18.6932106,0.06486734,0,zi,138.4621254,8.6080964
518301300005988,59179.3983333,18.6842003,0.0644296855,0,zi,138.4620905,8.6081157
518301300005988,59186.416875,18.3754749,0.0510775521,0,zi,138.4622475,8.60823
518301300005988,59190.3777778,18.8333282,0.0720427111,0,zi,138.462104,8.608185499999998
518301300005988,59199.4635185,18.842186,0.0725199953,0,zi,138.4621404,8.6081187
518301300005988,59202.4288194,18.7893333,0.0697140545,0,zi,138.4622095,8.608126
518301300005988,59205.4001042,18.6942577,0.0649183616,32768,zi,138.4620797,8.6081447
518301300005988,59217.3027894,19.0293865,0.0832799226,0,zi,138.4621102,8.6081739
