oid,mjd,mag,magerr,catflags,filtercode,ra,dec
518313400011709,59166.5166088,19.9525204,0.160545439,0,zi,138.9312675,14.5137106
518313400011709,59217.3027894,19.7160721,0.142509535,0,zi,138.9312383,14.5138033
