oid,mjd,mag,magerr,catflags,filtercode,ra,dec
569302100017044,59166.5180093,19.319664,0.097876437,0,zi,139.5713547,16.1042891
569302100017044,59175.4072801,19.0303497,0.0795214176,32768,zi,139.5712057,16.1041787
569302100017044,59179.3992708,19.6092701,0.118975088,0,zi,139.5713826,16.1042647
569302100017044,59184.3981134,19.3137436,0.0974713489,0,zi,139.5712906,16.1042794
569302100017044,59190.3787153,19.4156322,0.104602404,0,zi,139.5713558,16.1043537
569302100017044,59199.4639815,19.2114716,0.0906627774,0,zi,139.5712823,16.1042892
569302100017044,59202.4283449,19.2767677,0.0949679762,0,zi,139.5713473,16.1042529
569302100017044,59210.4428472,19.4639664,0.108097486,0,zi,139.5711932,16.1042128
