oid,mjd,mag,magerr,catflags,filtercode,ra,dec
710306300014133,58261.1895949,19.8108368,0.138903156,0,zi,141.6101123,39.2642252
710306300014133,58261.1905093,20.146286,0.164911509,0,zi,141.6097326,39.2639816
710306300014133,59164.492963,20.0644741,0.159084499,0,zi,141.6100122,39.2641655
710306300014133,59181.4365625,19.9826317,0.152818844,0,zi,141.609973,39.2640931
710306300014133,59184.4086574,19.9574738,0.150829971,0,zi,141.6100031,39.2641623
710306300014133,59190.3810532,20.247776,0.171246767,0,zi,141.6099676,39.2641247
710306300014133,59199.4764583,19.7788811,0.136266738,0,zi,141.6103031,39.2640361
710306300014133,59202.4474537,19.8994656,0.14616473,0,zi,141.6099986,39.2640854
