oid,mjd,mag,magerr,catflags,filtercode,ra,dec
1663313200004163,58543.3310417,19.9092693,0.148000002,0,zi,141.5385806,32.8126759
1663313200004163,59164.4974421,19.9065208,0.180000007,0,zi,141.5384775,32.8127699
1663313200004163,59166.5203588,20.0252876,0.170000002,0,zi,141.5384122,32.8127524
