oid,mjd,mag,magerr,catflags,filtercode,ra,dec
519311300005152,58558.2602199,18.2723694,0.0444372743,0,zi,141.8302634,11.8664066
519311300005152,59175.3982639,18.4903336,0.0526024736,32768,zi,141.8303503,11.8663517
519311300005152,59179.3988079,18.4023914,0.0491322987,0,zi,141.8303186,11.8664018
519311300005152,59184.3935417,18.4217949,0.0498769283,0,zi,141.8302799,11.8663901
519311300005152,59199.4810069,18.5694332,0.0559384599,0,zi,141.8303474,11.8664604
519311300005152,59202.4406481,18.4283504,0.050131157,0,zi,141.8302873,11.8664083
519311300005152,59210.4423727,18.2356606,0.0432011262,32768,zi,141.8304223,11.8663724
