oid,mjd,mag,magerr,catflags,filtercode,ra,dec
570312200020550,58543.3333218,19.7814236,0.12730746,0,zi,141.9238555,20.1549702
570312200020550,58864.3743866,19.4919796,0.105803587,0,zi,141.9239333,20.154824
570312200020550,59179.3997338,19.485321,0.105326943,0,zi,141.9239282,20.1547266
570312200020550,59204.4901157,19.7792454,0.127142638,0,zi,141.9238102,20.1548008
570312200020550,59210.4414236,19.7065086,0.121643916,0,zi,141.9238084,20.1547073
