oid,mjd,mag,magerr,catflags,filtercode,ra,dec
570308300001892,58543.3333218,18.9645958,0.0708987862,0,zi,142.0654334,17.6890847
570308300001892,58558.2597685,18.9551678,0.0704123229,0,zi,142.0654258,17.6890927
570308300001892,58864.3743866,18.9416714,0.0697214156,0,zi,142.065374,17.6889333
570308300001892,59179.3997338,18.8247547,0.0639992952,0,zi,142.0653955,17.6889544
570308300001892,59200.4839005,18.899868,0.0676215366,32768,zi,142.0653351,17.6890493
570308300001892,59204.4901157,18.971241,0.0712435693,0,zi,142.065391,17.6889304
570308300001892,59210.4414236,19.0071564,0.0731336921,0,zi,142.0654172,17.6889492
