oid,mjd,mag,magerr,catflags,filtercode,ra,dec
467316100003764,59184.3862269,18.7214451,0.0748536587,0,zi,142.3400249,7.6878064
467316100003764,59204.4886921,18.7535515,0.0766672492,0,zi,142.3400698,7.6878523
467316100003764,59215.3953588,18.4806995,0.0624433793,0,zi,142.3401918,7.6878734
