oid,mjd,mag,magerr,catflags,filtercode,ra,dec
519303100003839,58558.2602199,19.1479282,0.0918458998,0,zi,142.4593208,8.9726336
519303100003839,59179.3988079,19.0160751,0.0832988173,0,zi,142.4592057,8.9726061
519303100003839,59184.3935417,19.1492157,0.0919326246,0,zi,142.4592503,8.9726938
519303100003839,59199.4810069,19.1806374,0.0940683931,0,zi,142.4592701,8.9726383
519303100003839,59202.4406481,19.2609329,0.099691622,0,zi,142.4592985,8.9725557
519303100003839,59210.4423727,19.1566544,0.0924349129,0,zi,142.459255,8.972640399999998
