oid,mjd,mag,magerr,catflags,filtercode,ra,dec
467312100002332,59184.3862269,19.4818764,0.107605539,0,zi,142.3712921,6.0913258
467312100002332,59204.4886921,19.5101891,0.109695457,0,zi,142.3714154,6.0913851
