oid,mjd,mag,magerr,catflags,filtercode,ra,dec
816306400032390,58261.1845833,19.6213589,0.123232707,0,zi,143.0149054,60.9365316
816306400032390,58261.1984028,19.5798206,0.119851433,0,zi,143.0148056,60.9365325
816306400032390,59190.3824769,19.6039543,0.121811077,0,zi,143.0147382,60.9364835
816306400032390,59202.4532176,19.5395927,0.116617925,0,zi,143.0146453,60.9365276
816306400032390,59205.3506366,19.6185474,0.123002633,32768,zi,143.0147516,60.9364552
