oid,mjd,mag,magerr,catflags,filtercode,ra,dec
619315400006052,58864.3734838,19.3155251,0.0957997441,0,zi,143.0078726,28.2260933
619315400006052,59166.5208218,19.2298241,0.0899588764,0,zi,143.0078746,28.226082
619315400006052,59187.3173495,19.0231781,0.0770056099,0,zi,143.0080471,28.2262169
619315400006052,59190.3796528,19.0921974,0.0811513811,0,zi,143.0078274,28.2261078
619315400006052,59199.4794907,19.3047104,0.0950480103,0,zi,143.0079271,28.2260514
619315400006052,59202.443044,19.2579842,0.0918485001,0,zi,143.0079065,28.2260626
