oid,mjd,mag,magerr,catflags,filtercode,ra,dec
785313400011101,58912.3122222,19.9215813,0.162694365,0,zi,143.2380658,57.2334064
785313400011101,59199.4454861,19.8662891,0.158379376,0,zi,143.2380075,57.2330798
786316400004765,58261.1979398,20.1247921,0.156845078,0,zi,143.2383104,57.2334135
786316400004765,59190.3829398,20.536684,0.167312443,0,zi,143.2383279,57.2333189
