oid,mjd,mag,magerr,catflags,filtercode,ra,dec
570307200007616,58543.3333218,18.2624378,0.0400832929,0,zi,143.5456373,18.1116581
570307200007616,58558.2597685,18.3537617,0.0429060645,0,zi,143.5457212,18.1116683
570307200007616,58864.3743866,18.5358315,0.0492135063,0,zi,143.5457417,18.1116387
570307200007616,59175.4068171,18.2037964,0.0383824371,32768,zi,143.5455912,18.111552
570307200007616,59179.3997338,18.9091911,0.0653597564,0,zi,143.5457301,18.1116637
570307200007616,59200.4839005,19.1178265,0.0764971301,32768,zi,143.5456802,18.111693
570307200007616,59204.4901157,18.8522453,0.0625938475,0,zi,143.5457801,18.1116507
570307200007616,59210.4414236,18.9431686,0.0670651197,0,zi,143.5457602,18.1116692
