oid,mjd,mag,magerr,catflags,filtercode,ra,dec
416310400005241,59186.4164005,18.3473015,0.0495508984,0,zi,143.7459385,-2.31967
416310400005241,59189.5236574,18.2332287,0.0455643907,0,zi,143.7458716,-2.3193702
416310400005241,59200.4829514,18.2539616,0.0462619625,32768,zi,143.7459033,-2.3193915
416310400005241,59204.4830671,18.2549553,0.0462957099,0,zi,143.7458718,-2.3193711
416310400005241,59215.3958333,18.1525345,0.0429591201,0,zi,143.7458574,-2.3194066
