oid,mjd,mag,magerr,catflags,filtercode,ra,dec
619306200008537,58864.3734838,19.3298931,0.0989971831,0,zi,144.5452615,25.2619831
619306200008537,59166.5208218,19.2445412,0.0929481387,0,zi,144.5452702,25.2619764
619306200008537,59184.3940278,19.3015862,0.0969577655,0,zi,144.5452363,25.2619623
619306200008537,59190.3796528,19.4517136,0.108140185,0,zi,144.5453083,25.2619216
619306200008537,59199.4794907,19.4197559,0.105685279,0,zi,144.5452613,25.2619821
619306200008537,59202.443044,19.4502125,0.108024038,0,zi,144.54533,25.2620397
619306200008537,59210.4418981,19.5041542,0.112251908,0,zi,144.5452365,25.2620315
