oid,mjd,mag,magerr,catflags,filtercode,ra,dec
467302300009799,59184.3862269,19.1190758,0.0858966261,0,zi,144.857981,1.2852972
467302300009799,59204.4886921,19.1574135,0.0883124173,0,zi,144.8580626,1.285315
