oid,mjd,mag,magerr,catflags,filtercode,ra,dec
570315400001281,58543.3333218,19.8062649,0.135380775,0,zi,144.8702444,21.6548142
570315400001281,58558.2597685,19.6902008,0.125996575,0,zi,144.8702824,21.6548472
570315400001281,58864.3743866,19.8354473,0.137740791,0,zi,144.8703464,21.6548667
570315400001281,59204.4901157,19.832037,0.137465373,0,zi,144.8702887,21.6549341
570315400001281,59210.4414236,19.7000275,0.126787841,0,zi,144.8702417,21.6548467
