oid,mjd,mag,magerr,catflags,filtercode,ra,dec
519310400004787,58558.2602199,19.2199802,0.0913738012,0,zi,144.7512817,12.6245641
519310400004787,59175.3982639,19.0901203,0.0829185247,32768,zi,144.7514291,12.6245977
519310400004787,59179.3988079,18.9186535,0.0727389604,0,zi,144.7513435,12.6245605
519310400004787,59184.3935417,19.0203362,0.0786398351,0,zi,144.7513334,12.6246389
519310400004787,59199.4810069,18.7719917,0.0649161562,0,zi,144.7513734,12.6246813
519310400004787,59202.4406481,19.0002003,0.0774398595,0,zi,144.7513353,12.6246912
