oid,mjd,mag,magerr,catflags,filtercode,ra,dec
467306300008796,59184.3862269,18.7778339,0.0676689595,0,zi,145.0401323,3.5116869
467306300008796,59200.4834259,18.6990509,0.0637037084,32768,zi,145.0400964,3.5116405
467306300008796,59204.4886921,18.7668171,0.0671005398,0,zi,145.0401453,3.5116942
