oid,mjd,mag,magerr,catflags,filtercode,ra,dec
467310400007417,59200.4834259,18.9833031,0.0768912435,32768,zi,145.5501211,4.7105552
