oid,mjd,mag,magerr,catflags,filtercode,ra,dec
519309200003875,58558.2602199,18.8489952,0.0715829283,0,zi,145.6061083,12.7631282
519309200003875,59175.3982639,18.9175453,0.0754485801,32768,zi,145.6060549,12.763102
519309200003875,59179.3988079,18.7996292,0.0689094067,0,zi,145.6060459,12.7631581
519309200003875,59184.3935417,18.9414387,0.0768382177,0,zi,145.6060796,12.763145
519309200003875,59202.4406481,18.9117985,0.0751176849,0,zi,145.6061522,12.7632146
519309200003875,59205.4010648,18.894001,0.0741007179,32768,zi,145.6060917,12.7631436
519309200003875,59210.4423727,18.7649841,0.0670876727,32768,zi,145.6061084,12.7632317
