oid,mjd,mag,magerr,catflags,filtercode,ra,dec
751311200004076,58581.2900116,20.8190575,0.202447414,0,zi,145.7110004,49.0079132
751311200004076,58585.2447222,20.8081017,0.201702118,0,zi,145.7110218,49.0080116
751311200004076,59190.3815278,20.2633476,0.171175152,0,zi,145.7109351,49.0079121
751311200004076,59205.4053241,20.5217686,0.182222247,0,zi,145.7111152,49.0080239
