oid,mjd,mag,magerr,catflags,filtercode,ra,dec
467314400004406,59184.3862269,19.2331581,0.0965040103,0,zi,145.8641071,6.7901968
467314400004406,59200.4834259,18.6762218,0.0637048483,32768,zi,145.8640852,6.7902789
467314400004406,59204.4886921,19.0705357,0.0857840329,0,zi,145.8642068,6.7901328
