oid,mjd,mag,magerr,catflags,filtercode,ra,dec
519305100004489,58558.2602199,19.8423405,0.151805416,0,zi,146.0954988,11.499505
519305100004489,59179.3988079,19.7773361,0.146349102,0,zi,146.0955113,11.4996113
519305100004489,59184.3935417,19.6359348,0.134294763,0,zi,146.0956286,11.4995668
519305100004489,59202.4406481,19.4398365,0.117824934,0,zi,146.0953388,11.4995887
519305100004489,59210.4423727,19.9970951,0.164134383,0,zi,146.0954617,11.4993643
