oid,mjd,mag,magerr,catflags,filtercode,ra,dec
786307300010877,58257.174537,20.0095158,0.143668294,0,zi,146.0112769,53.8351067
786307300010877,58912.3081481,20.3225555,0.164373696,0,zi,146.0111866,53.8350368
786307300010877,59184.4110764,20.1248093,0.152046591,0,zi,146.0110068,53.8353325
786307300010877,59190.3829398,20.0330563,0.145421311,0,zi,146.0110478,53.8353051
