oid,mjd,mag,magerr,catflags,filtercode,ra,dec
667308400007243,58582.2987731,20.2719421,0.170164406,0,zi,146.3888146,32.1570396
667308400007243,58607.2587847,20.9437199,0.214877248,0,zi,146.3886889,32.1569755
667308400007243,58628.1652315,20.3027592,0.172216266,0,zi,146.3885902,32.1569199
667308400007243,58864.3707639,20.2159557,0.166224211,0,zi,146.3887302,32.157015
667308400007243,59190.3805787,19.9908028,0.148622066,0,zi,146.3888305,32.1570086
667308400007243,59199.4780208,20.1634312,0.162322968,0,zi,146.3888261,32.1569612
667308400007243,59202.445463,20.1747723,0.163179725,0,zi,146.388823,32.1568987
667308400007243,59217.5037269,20.2338104,0.167507678,0,zi,146.3887257,32.1569589
