oid,mjd,mag,magerr,catflags,filtercode,ra,dec
417316200008924,59186.4159259,17.7098255,0.0353053883,0,zi,146.5088925,0.5884686999999998
417316200008924,59199.4805324,17.5949268,0.0324301831,0,zi,146.5088481,0.5884713
417316200008924,59202.4741667,17.7029037,0.035123758,0,zi,146.5088221,0.5885183
417316200008924,59206.4793171,17.415514,0.0284949914,32768,zi,146.5088319,0.5884947999999999
417316200008924,59210.4400231,17.7592659,0.0366351865,0,zi,146.5088784,0.5885181999999999
