oid,mjd,mag,magerr,catflags,filtercode,ra,dec
711307200003542,58223.2368981,20.7452927,0.204773188,0,zi,146.9644952,39.9528647
711307200003542,58246.2854167,20.4892788,0.1869151,0,zi,146.9646847,39.952634
711307200003542,58567.3528241,20.2052097,0.172097102,0,zi,146.9645305,39.9531985
711307200003542,58581.2909606,20.1414642,0.167385787,0,zi,146.9645185,39.952789
711307200003542,58607.2597106,20.132679,0.166712359,0,zi,146.9644876,39.9528425
711307200003542,58616.2074769,19.7464199,0.134472817,0,zi,146.9646546,39.9526469
711307200003542,58912.3104167,20.1502171,0.168051332,0,zi,146.9645406,39.952758
711307200003542,59189.5350579,20.0237885,0.1580033,0,zi,146.9646181,39.9528048
711307200003542,59204.4914236,20.0503502,0.160180151,0,zi,146.9645379,39.9528492
