oid,mjd,mag,magerr,catflags,filtercode,ra,dec
467309300008632,59184.3862269,19.4936256,0.110800587,0,zi,147.1621323,5.3576104
467309300008632,59204.4886921,19.6282692,0.121049792,0,zi,147.1620699,5.3575892
