oid,mjd,mag,magerr,catflags,filtercode,ra,dec
570305200015938,58543.3333218,18.471859,0.0492940322,0,zi,147.71904,18.7751121
570305200015938,58558.2597685,18.4693127,0.0491990782,0,zi,147.7190648,18.7750995
570305200015938,58864.3743866,18.4774628,0.0495036617,0,zi,147.7190418,18.7750993
570305200015938,59179.3997338,18.3675003,0.0455591828,0,zi,147.7190455,18.7751502
570305200015938,59183.4505787,17.0598564,0.019048525,32768,zi,147.7189919,18.775115
570305200015938,59200.4839005,18.2248631,0.040949896,32768,zi,147.7190659,18.7750948
570305200015938,59204.4901157,18.3592339,0.0452768132,0,zi,147.7190591,18.7750949
570305200015938,59210.4414236,18.3416386,0.0446821488,0,zi,147.7190888,18.7751052
