oid,mjd,mag,magerr,catflags,filtercode,ra,dec
667315300014524,58246.2863542,20.2963257,0.178357333,0,zi,147.7049461,35.5969554
667315300014524,58261.2700231,19.6823444,0.131434143,0,zi,147.704881,35.596847
667315300014524,58585.2465972,20.3334808,0.18027465,0,zi,147.7048758,35.5968426
667315300014524,58607.2587847,20.5645638,0.189936757,0,zi,147.7049443,35.5966231
667315300014524,58864.3707639,21.0010433,0.219603062,0,zi,147.7049578,35.5967322
