oid,mjd,mag,magerr,catflags,filtercode,ra,dec
711311200005652,58223.2368981,21.0896187,0.228210568,0,zi,147.8290882,41.6790512
711311200005652,58567.3528241,20.5006485,0.184525013,0,zi,147.8290253,41.6788128
711311200005652,58585.2456597,20.6479607,0.195451617,0,zi,147.8290477,41.679046
711311200005652,59189.5350579,20.7498283,0.20300734,0,zi,147.8288594,41.6790654
