oid,mjd,mag,magerr,catflags,filtercode,ra,dec
786310200002396,58261.1979398,19.9908638,0.14277333,0,zi,148.0489603,56.4827367
786310200002396,58912.3081481,20.4019165,0.168265268,0,zi,148.04897,56.4825398
786310200002396,59184.4110764,20.0469894,0.14693521,0,zi,148.0488794,56.4827805
786310200002396,59190.3829398,20.0067787,0.143963575,0,zi,148.0489892,56.4825381
786310200002396,59200.4926273,19.6718273,0.118390165,32768,zi,148.0489871,56.4827804
786310200002396,59203.267662,20.1052361,0.151123554,0,zi,148.0486352,56.4823837
