oid,mjd,mag,magerr,catflags,filtercode,ra,dec
786302200020665,58261.1979398,20.2320213,0.160653085,0,zi,148.7635714,52.8327144
786302200020665,58912.3081481,19.9382439,0.141421586,0,zi,148.7636307,52.8326545
786302200020665,59184.4110764,19.9764957,0.144213378,0,zi,148.763821,52.8326405
786302200020665,59216.4698032,19.7136917,0.12447077,0,zi,148.7635349,52.8327078
