oid,mjd,mag,magerr,catflags,filtercode,ra,dec
667307100010874,58261.2700231,19.1526699,0.0822690129,0,zi,148.8114989,33.266246
667307100010874,58266.218287,18.9889965,0.0729733407,0,zi,148.8115936,33.2661885
667307100010874,58557.3523032,19.0983181,0.0790682137,32768,zi,148.8115209,33.2662091
667307100010874,58568.3740162,18.9149666,0.0691015795,32768,zi,148.8116733,33.2661384
667307100010874,59181.4374884,19.3799038,0.0968924835,0,zi,148.8115809,33.2662198
667307100010874,59199.4780208,19.1552315,0.082422711,0,zi,148.8115927,33.2661481
667307100010874,59202.445463,19.2511024,0.0883577541,0,zi,148.8116163,33.266233
667307100010874,59217.5037269,19.3138618,0.0924365297,0,zi,148.8115822,33.2661514
