oid,mjd,mag,magerr,catflags,filtercode,ra,dec
520307300006490,58257.1845023,19.5807781,0.110790297,0,zi,149.2247213,10.5557678
520307300006490,59204.4891667,19.7929649,0.126687437,0,zi,149.2247904,10.5557803
520307300006490,59210.4409606,19.8701782,0.132604793,0,zi,149.2249085,10.5558778
