oid,mjd,mag,magerr,catflags,filtercode,ra,dec
571304100004426,58257.1835648,18.6974602,0.0666571334,0,zi,149.3691887,16.2564514
571304100004426,58558.2620718,18.8784981,0.0764103532,0,zi,149.3691356,16.2564691
571304100004426,58855.3946644,18.6995125,0.0667609796,0,zi,149.3691691,16.2565156
571304100004426,59179.4006713,18.8238564,0.0733398125,0,zi,149.3692175,16.2565017
571304100004426,59199.4829167,18.8081722,0.0724788904,0,zi,149.3691415,16.2564862
571304100004426,59202.442581,18.8755741,0.0762432143,0,zi,149.3691384,16.2565172
