oid,mjd,mag,magerr,catflags,filtercode,ra,dec
751310400008743,58261.268588,20.0887508,0.163330987,0,zi,150.035211,48.2208672
751310400008743,58266.2196991,20.4963207,0.182505861,0,zi,150.0352828,48.2208843
751310400008743,58567.3518866,20.4455757,0.181798756,0,zi,150.0351176,48.2208019
751310400008743,58581.2900116,20.5365677,0.184979677,0,zi,150.0351162,48.2209033
751310400008743,58607.2606597,20.7625942,0.200016618,0,zi,150.0350543,48.2208926
751310400008743,58912.3095023,20.7637367,0.200092673,0,zi,150.0353014,48.2210608
751310400008743,59174.4994213,19.9963417,0.156360537,32768,zi,150.0351241,48.2208305
