oid,mjd,mag,magerr,catflags,filtercode,ra,dec
417306200009388,59199.4805324,19.0263042,0.0845167562,0,zi,150.1869373,-3.0623443
417306200009388,59202.4741667,19.0305805,0.0847905278,0,zi,150.1869077,-3.062388
417306200009388,59210.4400231,19.131424,0.0914544836,0,zi,150.1867112,-3.0625467
