oid,mjd,mag,magerr,catflags,filtercode,ra,dec
520303100015542,58257.1845023,18.5551853,0.0585119203,0,zi,150.0361718,9.7332493
520303100015542,58558.2616204,18.6094208,0.0609747283,0,zi,150.0361611,9.7332955
520303100015542,59179.4002083,18.4141045,0.0525611341,0,zi,150.0362125,9.7332391
520303100015542,59200.484375,18.874773,0.074510023,32768,zi,150.0361152,9.7332033
520303100015542,59204.4891667,18.626091,0.0617518462,0,zi,150.0361772,9.7331875
520303100015542,59210.4409606,18.5859089,0.0598948337,0,zi,150.0362034,9.733215
520303100015542,59215.3948958,18.5116177,0.0566050224,0,zi,150.0361449,9.7331792
