oid,mjd,mag,magerr,catflags,filtercode,ra,dec
571311200004257,58257.1835648,17.1889191,0.0201910473,0,zi,150.4216758,20.2508287
571311200004257,58558.2620718,17.2272797,0.020680083,0,zi,150.4216956,20.2508312
571311200004257,58855.3946644,17.3027134,0.0216983203,0,zi,150.4217136,20.2507911
571311200004257,59179.4006713,17.2522278,0.0210084002,0,zi,150.4217085,20.2508102
571311200004257,59199.4829167,17.2437897,0.0208964292,0,zi,150.4216721,20.2508052
571311200004257,59202.442581,17.2366371,0.0208022576,0,zi,150.4216712,20.250794
571311200004257,59205.4167361,17.4007492,0.0231404603,32768,zi,150.4216412,20.25076
