oid,mjd,mag,magerr,catflags,filtercode,ra,dec
468311400003260,59204.4896296,19.8306713,0.133983523,0,zi,150.8608149,5.0158894
468311400003260,59210.4404861,19.8498497,0.135428593,0,zi,150.8607433,5.0159417
