oid,mjd,mag,magerr,catflags,filtercode,ra,dec
520310100004794,58257.1845023,18.5204048,0.0531322584,0,zi,151.590386,12.7592104
520310100004794,58558.2616204,18.4627151,0.0508794859,0,zi,151.5904294,12.7593217
520310100004794,59179.4002083,18.8774529,0.0694853663,0,zi,151.5904756,12.7592012
520310100004794,59200.484375,18.8332767,0.0672261417,32768,zi,151.5904153,12.7590968
520310100004794,59204.4891667,18.8576412,0.0684636384,0,zi,151.5904031,12.7592405
520310100004794,59210.4409606,18.7967606,0.0654104054,0,zi,151.5904482,12.7591497
