oid,mjd,mag,magerr,catflags,filtercode,ra,dec
520309300017023,58257.1845023,18.6326351,0.0581029765,0,zi,152.4194002,12.5029644
520309300017023,58558.2616204,18.5659561,0.0552322417,0,zi,152.4193537,12.5030237
520309300017023,59179.4002083,18.3936863,0.0484801158,0,zi,152.4194394,12.502868
520309300017023,59186.415,18.0239143,0.0368835665,0,zi,152.4192876,12.5029565
520309300017023,59204.4891667,18.3957958,0.0485572033,0,zi,152.4194019,12.5029023
520309300017023,59210.4409606,18.4050694,0.0488977917,0,zi,152.4194209,12.5028691
520309300017023,59215.3948958,18.2253437,0.0427434258,0,zi,152.41955,12.5028675
