oid,mjd,mag,magerr,catflags,filtercode,ra,dec
752312100017873,58257.1783912,20.6986542,0.205394864,0,zi,153.4736003,48.8697413
752312100017873,58567.3514236,20.1639481,0.171464413,0,zi,153.4737269,48.8693172
752312100017873,58628.1628819,20.705862,0.205931664,0,zi,153.4736329,48.8696871
752312100017873,59045.1804282,20.2215538,0.175788283,0,zi,153.4737304,48.8696027
752312100017873,59140.4798495,20.7737236,0.210986018,0,zi,153.473886,48.8697266
752312100017873,59189.5341088,20.4446716,0.188811928,0,zi,153.4738367,48.8696539
