oid,mjd,mag,magerr,catflags,filtercode,ra,dec
620313200022562,58543.332419,19.427227,0.126607016,0,zi,153.5605965,29.1281841
620313200022562,58864.3721181,19.2276688,0.110202305,0,zi,153.5606512,29.1280892
620313200022562,59184.3985995,19.3617802,0.121107541,0,zi,153.5607408,29.128064
