oid,mjd,mag,magerr,catflags,filtercode,ra,dec
418312300000791,59199.4815046,19.7455616,0.126879632,0,zi,153.6188713,-1.7711854
