oid,mjd,mag,magerr,catflags,filtercode,ra,dec
520301400014173,58257.1845023,17.2055817,0.024824338,0,zi,153.6034637,8.7206308
520301400014173,58558.2616204,17.2286606,0.0252006762,32768,zi,153.603671,8.7207323
520301400014173,59179.4002083,17.3832264,0.0279427692,0,zi,153.6034467,8.720563099999998
520301400014173,59186.415,17.3317871,0.0269859452,32768,zi,153.6032766,8.7206893
520301400014173,59200.484375,17.3379173,0.0270975828,32768,zi,153.6034835,8.7206296
520301400014173,59204.4891667,17.3724251,0.0277380683,0,zi,153.6034477,8.7205995
520301400014173,59210.4409606,17.3730907,0.0277506169,0,zi,153.6034898,8.720577
520301400014173,59215.3948958,17.4385834,0.0290245935,0,zi,153.6035091,8.720648799999998
