oid,mjd,mag,magerr,catflags,filtercode,ra,dec
521308400004614,58257.1887153,17.3848858,0.0234854426,0,zi,155.2348733,10.0591537
521308400004614,58558.2638773,17.4377155,0.0242789183,0,zi,155.2348685,10.0591258
521308400004614,58855.3955671,17.4739227,0.0248458683,0,zi,155.2348879,10.0591446
521308400004614,58893.3534606,17.4768219,0.0248920992,0,zi,155.2348779,10.0591574
521308400004614,59199.4824421,17.4827118,0.0249864068,0,zi,155.2348735,10.0591518
521308400004614,59202.4727315,17.4566765,0.0245734323,0,zi,155.2348825,10.0591561
521308400004614,59206.4774421,17.4395771,0.0243076086,32768,zi,155.2348908,10.0590951
