oid,mjd,mag,magerr,catflags,filtercode,ra,dec
621304400002632,58257.1831019,18.2844391,0.0486552007,0,zi,156.1321467,22.9167499
621304400002632,58558.2675116,18.1287918,0.0433515534,0,zi,156.1320954,22.916732
621304400002632,58585.2498032,18.0492477,0.0409004986,0,zi,156.13216,22.9167641
621304400002632,58855.3933102,18.3379765,0.0506443568,0,zi,156.1321621,22.9167813
621304400002632,58884.3337037,18.22089,0.0464056879,0,zi,156.1321525,22.9167796
621304400002632,58893.3511921,18.2928696,0.0489626452,0,zi,156.132159,22.9167672
621304400002632,59199.4876042,18.2537804,0.0475550741,0,zi,156.1321707,22.9167616
621304400002632,59202.4439815,18.2484398,0.0473662838,0,zi,156.1321107,22.9167737
