oid,mjd,mag,magerr,catflags,filtercode,ra,dec
572304300018131,58855.394213,20.3446579,0.187255934,0,zi,156.1786896,15.2244547
