oid,mjd,mag,magerr,catflags,filtercode,ra,dec
469315200010469,58257.1854167,17.8366623,0.0351808667,0,zi,156.8942154,7.5872566
469315200010469,59199.4819792,18.125206,0.0439077802,0,zi,156.8942738,7.587227999999999
469315200010469,59202.4416204,18.1326923,0.0441636741,0,zi,156.894288,7.587277
469315200010469,59206.4779167,18.1193409,0.0437084101,32768,zi,156.8942322,7.5873731
