oid,mjd,mag,magerr,catflags,filtercode,ra,dec
621307300002463,58558.2675116,19.0100269,0.074583061,0,zi,157.033513,24.7846509
621307300002463,58585.2498032,19.0355701,0.0759990364,0,zi,157.0335826,24.7846808
621307300002463,58855.3933102,19.0415936,0.0763363913,0,zi,157.0335777,24.7847474
621307300002463,58884.3337037,18.9290695,0.0702502504,0,zi,157.0336816,24.7846816
621307300002463,58893.3511921,18.9425373,0.0709547326,0,zi,157.0336272,24.7846763
621307300002463,59199.4876042,18.7938595,0.0635310784,0,zi,157.0336169,24.7846786
621307300002463,59202.4439815,18.7361717,0.0608562902,0,zi,157.0336574,24.7846677
621307300002463,59215.3939468,18.6124382,0.0554915741,0,zi,157.0335614,24.7848037
