oid,mjd,mag,magerr,catflags,filtercode,ra,dec
572303300007211,58257.1840278,19.7674103,0.138514489,0,zi,157.5490663,15.9567205
572303300007211,58855.394213,19.6734009,0.130840108,0,zi,157.5490632,15.9565887
572303300007211,58893.3525579,19.9970074,0.156992331,0,zi,157.5491376,15.9566366
572303300007211,59199.4833796,19.6182861,0.126384079,0,zi,157.5489772,15.9567114
572303300007211,59202.4722569,19.8764191,0.147408187,0,zi,157.5491047,15.9565565
