oid,mjd,mag,magerr,catflags,filtercode,ra,dec
521302200003131,58257.1887153,19.0099506,0.0790660977,0,zi,157.8708038,9.2687375
521302200003131,58558.2638773,19.0166817,0.0794655085,0,zi,157.8707209,9.268735
521302200003131,58855.3955671,18.8631592,0.0707726181,0,zi,157.8707658,9.2686876
521302200003131,58893.3534606,18.8519382,0.0701713264,0,zi,157.8707849,9.2686865
521302200003131,59199.4824421,18.8752728,0.071426928,0,zi,157.8707879,9.2687001
521302200003131,59202.4727315,18.8947411,0.0724897459,0,zi,157.870783,9.2687194
