oid,mjd,mag,magerr,catflags,filtercode,ra,dec
521306200001781,58257.1887153,18.7625847,0.067409195,0,zi,157.8309814,11.2328801
521306200001781,58558.2638773,18.5304527,0.0563239157,0,zi,157.8309948,11.2328324
521306200001781,58855.3955671,18.5950165,0.0592112578,0,zi,157.8310235,11.2328243
521306200001781,58893.3534606,18.6054993,0.0596939586,0,zi,157.8310245,11.2327909
521306200001781,59199.4824421,18.5893726,0.0589529462,0,zi,157.8310124,11.2328215
521306200001781,59202.4727315,18.6538734,0.0619729534,0,zi,157.8310728,11.2327883
521306200001781,59206.4774421,18.5118484,0.0555189215,32768,zi,157.8311072,11.2328469
