oid,mjd,mag,magerr,catflags,filtercode,ra,dec
521302300005079,58257.1887153,17.6741009,0.0296986289,0,zi,157.7747996,8.7954927
521302300005079,58558.2638773,17.7127838,0.0305166915,0,zi,157.7748288,8.7955062
521302300005079,58855.3955671,17.7668686,0.0317093097,0,zi,157.774806,8.795493699999998
521302300005079,58893.3534606,17.7615585,0.0315896235,0,zi,157.7748113,8.7955077
521302300005079,59199.4824421,17.5779457,0.0277853627,0,zi,157.7747934,8.795509
521302300005079,59202.4727315,17.5600357,0.0274472199,0,zi,157.7748108,8.795483799999998
521302300005079,59206.4774421,17.4204979,0.0249962229,32768,zi,157.7748331,8.795443199999998
