oid,mjd,mag,magerr,catflags,filtercode,ra,dec
572311100003976,58257.1840278,19.1460953,0.0878445804,0,zi,158.4910906,20.1965503
572311100003976,58558.265706,19.1820545,0.0902140886,0,zi,158.4911517,20.1965766
572311100003976,58855.394213,19.1462517,0.0878547579,0,zi,158.4910374,20.1964889
572311100003976,58893.3525579,19.1101665,0.0855256245,0,zi,158.4911724,20.1965057
572311100003976,59199.4833796,19.0755043,0.0833347216,0,zi,158.4911571,20.1965824
