oid,mjd,mag,magerr,catflags,filtercode,ra,dec
521302300006189,58257.1887153,17.6041012,0.0282892846,0,zi,158.5750459,8.6074278
521302300006189,58558.2638773,17.7017822,0.030281106,0,zi,158.57501,8.6073918
521302300006189,58855.3955671,17.9508686,0.036223188,0,zi,158.5750867,8.6074551
521302300006189,58893.3534606,17.840559,0.0334297083,0,zi,158.5750872,8.607457
521302300006189,59199.4824421,17.9559479,0.0363584161,0,zi,158.5750747,8.6074367
521302300006189,59202.4727315,17.9610367,0.0364944935,0,zi,158.5751087,8.607465899999998
