oid,mjd,mag,magerr,catflags,filtercode,ra,dec
787302200000546,58223.2344676,20.4906139,0.181778714,0,zi,158.6942991,52.8804532
787302200000546,58257.199919,19.9736195,0.154988915,0,zi,158.6944023,52.880366
787302200000546,58261.1665741,19.8255825,0.143229082,0,zi,158.6943403,52.8805125
787302200000546,58266.2211227,19.890501,0.148448065,0,zi,158.6943992,52.880459
787302200000546,58581.2881019,20.3006287,0.176393583,0,zi,158.6943234,52.8805226
787302200000546,58585.2428588,20.2896309,0.175866067,0,zi,158.6944272,52.8804509
787302200000546,58607.2620255,20.3608379,0.178918764,0,zi,158.6943189,52.8805178
787302200000546,59189.5345833,20.468317,0.181582808,0,zi,158.6942449,52.8805505
787302200000546,59199.4998611,20.0641823,0.161795035,0,zi,158.6947308,52.8805784
