oid,mjd,mag,magerr,catflags,filtercode,ra,dec
521314400000346,58257.1887153,18.7672997,0.068954818,0,zi,158.8142102,14.5844428
521314400000346,58558.2638773,18.8300095,0.0723617971,0,zi,158.8142555,14.5844538
521314400000346,58855.3955671,18.5589771,0.0586630255,0,zi,158.8142498,14.5844104
521314400000346,58893.3534606,18.6731262,0.0641097948,0,zi,158.8142405,14.5844094
521314400000346,59199.4824421,18.3409519,0.0494890511,0,zi,158.8142015,14.5844189
521314400000346,59202.4727315,18.3698635,0.0506169498,0,zi,158.8142536,14.584416
521314400000346,59206.4774421,18.4489174,0.05383683,32768,zi,158.8141147,14.5845067
