oid,mjd,mag,magerr,catflags,filtercode,ra,dec
469306100002447,58257.1854167,19.2471123,0.0968476459,0,zi,159.2410378,4.2065108
469306100002447,59199.4819792,19.0312252,0.0828600004,0,zi,159.2410752,4.2064223
469306100002447,59202.4416204,19.0931129,0.0867013484,0,zi,159.2410089,4.2065311
