oid,mjd,mag,magerr,catflags,filtercode,ra,dec
521314400011928,58893.3534606,20.6401272,0.179815114,0,zi,159.294729,13.819945
