oid,mjd,mag,magerr,catflags,filtercode,ra,dec
572310200004562,58257.1840278,18.3649445,0.0456781238,0,zi,159.386478,20.0830997
572310200004562,58558.265706,18.3913212,0.046615243,0,zi,159.3865,20.0831127
572310200004562,58855.394213,18.3130417,0.0438929424,0,zi,159.3865322,20.0830853
572310200004562,58893.3525579,18.324625,0.0442846976,0,zi,159.3865107,20.0830908
572310200004562,59199.4833796,18.2825623,0.0428801291,0,zi,159.386479,20.0831123
572310200004562,59202.4722569,18.2720451,0.0425366424,0,zi,159.3864984,20.0830908
572310200004562,59215.3944213,18.2650146,0.0423087031,0,zi,159.3866137,20.0831726
