oid,mjd,mag,magerr,catflags,filtercode,ra,dec
469314400018528,58257.1854167,18.4370518,0.0558701158,0,zi,159.4776861,6.9761617
469314400018528,59199.4819792,18.3467789,0.0522005334,0,zi,159.4776947,6.9761708
469314400018528,59202.4416204,18.5761814,0.0620457828,0,zi,159.4776477,6.9762432
