oid,mjd,mag,magerr,catflags,filtercode,ra,dec
521309300019041,58257.1887153,18.5864697,0.0590726957,0,zi,160.2372737,12.1024316
521309300019041,58558.2638773,18.6889267,0.0639353544,0,zi,160.237328,12.1025031
521309300019041,58855.3955671,18.5010223,0.0552992821,0,zi,160.2373247,12.1024469
521309300019041,58893.3534606,18.4215488,0.0520106032,0,zi,160.2373077,12.1024372
521309300019041,59199.4824421,18.5592022,0.0578411818,0,zi,160.237314,12.1024712
521309300019041,59202.4727315,18.5455894,0.0572360456,0,zi,160.2372741,12.1024218
521309300019041,59206.4774421,18.5011234,0.0553035587,32768,zi,160.2372374,12.1024083
