oid,mjd,mag,magerr,catflags,filtercode,ra,dec
1752312100000957,58582.3074884,18.9163628,0.0958256721,0,zi,160.5473384,45.7963275
1752312100000957,58876.4165162,19.0310555,0.102472514,0,zi,160.5473286,45.7963536
1752312100000957,58905.3299537,18.9396076,0.0971631035,0,zi,160.5472715,45.7963341
1752312100000957,58912.3045255,19.0918884,0.106024444,0,zi,160.5473513,45.796365
1752312100000957,59054.170706,19.2018452,0.112402037,0,zi,160.5472998,45.7960711
1752312100000957,59054.1709375,19.0656013,0.104489371,0,zi,160.5469676,45.7962488
1752312100000957,59055.1842824,18.9927921,0.100243628,0,zi,160.5472508,45.7963701
1752312100000957,59055.1845139,18.9169235,0.0958579034,0,zi,160.5475909,45.7965204
