oid,mjd,mag,magerr,catflags,filtercode,ra,dec
572306100000499,58257.1840278,19.6906166,0.140359759,0,zi,160.9125409,18.7598362
572306100000499,58855.394213,19.8755493,0.156418025,0,zi,160.9126086,18.7598472
572306100000499,58893.3525579,19.9635296,0.163728476,0,zi,160.9125765,18.7598564
572306100000499,59202.4722569,19.7670288,0.147049218,0,zi,160.9125763,18.7599636
