oid,mjd,mag,magerr,catflags,filtercode,ra,dec
621309300009367,58585.2498032,20.0286713,0.151486292,0,zi,161.1983119,26.5181825
621309300009367,58855.3933102,20.1564255,0.160513192,0,zi,161.198308,26.5181577
621309300009367,58893.3511921,19.8552589,0.138073623,0,zi,161.1982786,26.5181444
621309300009367,59199.4876042,20.0139599,0.150386155,0,zi,161.1982766,26.5181378
