oid,mjd,mag,magerr,catflags,filtercode,ra,dec
521313100004536,58257.1887153,19.9709129,0.181480974,0,zi,161.2784702,14.8465535
521313100004536,58893.3534606,20.1234589,0.190478966,0,zi,161.2783404,14.8465486
521313100004536,59202.4727315,19.7863274,0.167014956,0,zi,161.2782978,14.8466203
522316200010241,58257.1858796,19.7740421,0.15716359,0,zi,161.2783648,14.8467056
522316200010241,58893.3521065,19.9386444,0.169849753,0,zi,161.2783829,14.8465127
522316200010241,58904.3337616,20.2747345,0.186430037,0,zi,161.2784871,14.8465984
522316200010241,59199.4838542,20.1472492,0.182359889,0,zi,161.2787304,14.846513
