oid,mjd,mag,magerr,catflags,filtercode,ra,dec
419308100003086,58257.1882292,19.7827816,0.128110409,0,zi,161.7318864,-3.0649077
419308100003086,59189.527963,19.7587948,0.126257062,0,zi,161.7316829,-3.0649629
419308100003086,59199.4847917,19.4993057,0.106775314,0,zi,161.7316792,-3.0649763
419308100003086,59202.473669,19.5987206,0.114075854,0,zi,161.7316043,-3.0649924
419308100003086,59216.4791667,19.6391201,0.11710877,0,zi,161.7317227,-3.0650615
