oid,mjd,mag,magerr,catflags,filtercode,ra,dec
522316100005305,58257.1858796,19.029541,0.0897004008,0,zi,162.6646622,14.7507031
522316100005305,58558.2661574,19.0404167,0.0904348865,0,zi,162.6646755,14.7507129
522316100005305,58893.3521065,19.0559921,0.091494821,0,zi,162.6646339,14.7506803
522316100005305,58904.3337616,18.9794693,0.0863782465,0,zi,162.6646146,14.7506826
522316100005305,59199.4838542,18.9533157,0.0846820995,0,zi,162.6646561,14.7507268
522316100005305,59202.4420833,19.0131493,0.0886020809,0,zi,162.6646809,14.750606
