oid,mjd,mag,magerr,catflags,filtercode,ra,dec
470311300004500,59199.4843171,18.6916714,0.0609258153,0,zi,163.2475422,5.0010584
470311300004500,59202.4731944,18.6251564,0.0578906238,0,zi,163.2476262,5.0010806
470311300004500,59216.4787037,18.6861954,0.0606702119,0,zi,163.2475678,5.0010577
