oid,mjd,mag,magerr,catflags,filtercode,ra,dec
522307300002959,58257.1858796,17.8728714,0.034531422,0,zi,163.5587073,10.3109225
522307300002959,58558.2661574,17.9765186,0.0370464399,0,zi,163.5587238,10.3109633
522307300002959,58893.3521065,18.0009632,0.0376733728,0,zi,163.5587271,10.3109116
522307300002959,58904.3337616,17.9861832,0.0372927152,0,zi,163.5587553,10.3109076
522307300002959,59199.4838542,17.8840199,0.0347911343,0,zi,163.5586971,10.3109274
522307300002959,59202.4420833,17.8857327,0.0348312631,0,zi,163.5587374,10.3109022
