oid,mjd,mag,magerr,catflags,filtercode,ra,dec
522314300001064,58257.1858796,18.3075943,0.047560934,0,zi,165.4157112,14.4982239
522314300001064,58558.2661574,18.4235039,0.0521424301,0,zi,165.4156946,14.4982054
522314300001064,58893.3521065,18.2380886,0.0450154021,0,zi,165.4157316,14.4981946
522314300001064,58904.3337616,18.2225609,0.0444665924,0,zi,165.4157549,14.498227
522314300001064,59199.4838542,18.2430286,0.0451915041,0,zi,165.4157367,14.4982108
522314300001064,59202.4420833,18.2692738,0.0461393446,0,zi,165.4157376,14.4982098
