oid,mjd,mag,magerr,catflags,filtercode,ra,dec
419310100004960,58257.1882292,19.4917717,0.112372965,0,zi,165.5798598,-1.4284012
419310100004960,59199.4847917,19.53866,0.115976065,0,zi,165.5796861,-1.4285305
419310100004960,59202.473669,19.553688,0.117142841,0,zi,165.5797095,-1.4284791
