oid,mjd,mag,magerr,catflags,filtercode,ra,dec
522306400002130,58257.1858796,19.0120392,0.0824863762,0,zi,166.4008159,10.3562884
522306400002130,58558.2661574,19.1116753,0.0889013633,0,zi,166.4008052,10.3562156
522306400002130,58893.3521065,19.0427608,0.0844216049,0,zi,166.4008503,10.3562387
522306400002130,58904.3337616,19.1669407,0.0926314518,0,zi,166.4007909,10.3562341
522306400002130,59199.4838542,19.4337807,0.112267919,0,zi,166.4008549,10.356177
522306400002130,59202.4420833,19.2538071,0.0987366587,0,zi,166.4007671,10.3561314
