oid,mjd,mag,magerr,catflags,filtercode,ra,dec
522301200014033,58257.1858796,19.1626492,0.0920514688,0,zi,167.0328653,9.2892066
522301200014033,58558.2661574,19.4995422,0.116049811,0,zi,167.0328483,9.2892163
522301200014033,58893.3521065,19.1352291,0.0902606621,0,zi,167.03285,9.2891758
522301200014033,58904.3337616,19.3675098,0.106239758,0,zi,167.032943,9.289136
522301200014033,59199.4838542,19.2770653,0.0998061672,0,zi,167.0329463,9.2890836
522301200014033,59202.4420833,19.2555237,0.0983122289,0,zi,167.0330052,9.2891119
