oid,mjd,mag,magerr,catflags,filtercode,ra,dec
522305200006310,58257.1858796,18.6788177,0.0587122962,0,zi,167.2350258,11.2772567
522305200006310,58558.2661574,18.7295265,0.0610244833,0,zi,167.2349732,11.2772723
522305200006310,58893.3521065,18.4784431,0.0504077785,0,zi,167.2350593,11.2772541
522305200006310,58904.3337616,18.4842072,0.0506288484,0,zi,167.2350448,11.2772879
522305200006310,59199.4838542,18.6035366,0.0554396883,0,zi,167.2349759,11.2773082
522305200006310,59202.4420833,18.6431351,0.0571375638,0,zi,167.2350988,11.2772383
