oid,mjd,mag,magerr,catflags,filtercode,ra,dec
1711313100011449,58582.3102662,19.4943504,0.104738615,32768,zi,167.1890517,40.5276873
1711313100011449,58864.3689583,19.3285484,0.0991186053,0,zi,167.1889734,40.5276815
1711313100011449,58876.4141898,19.3548584,0.100152768,0,zi,167.1889532,40.5276596
1711313100011449,58884.3314352,19.1711273,0.0921968669,0,zi,167.1889997,40.5277506
1711313100011449,58905.3271875,19.8708649,0.12149024,0,zi,167.1893512,40.5279813
