oid,mjd,mag,magerr,catflags,filtercode,ra,dec
470301200004459,59199.4843171,20.1410294,0.168482631,0,zi,167.3884628,2.0943168
