oid,mjd,mag,magerr,catflags,filtercode,ra,dec
573306400001180,58558.2679745,18.9444237,0.073772952,0,zi,167.2986506,17.8022292
573306400001180,58582.302419,18.9467392,0.0739023536,0,zi,167.298653,17.8021796
573306400001180,58855.4147685,18.9601231,0.0746545196,0,zi,167.2985684,17.8021894
573306400001180,58893.3502894,18.9118729,0.0719752908,0,zi,167.2986099,17.8021925
573306400001180,58904.3324074,19.0944824,0.0825903118,0,zi,167.2985961,17.8021942
573306400001180,59199.4871412,18.879425,0.0702238977,0,zi,167.2986201,17.802193
573306400001180,59202.471794,18.9638386,0.0748645812,0,zi,167.2985793,17.8021749
