oid,mjd,mag,magerr,catflags,filtercode,ra,dec
522305100002974,58257.1858796,18.9162807,0.0738017559,0,zi,168.1059777,11.0175827
522305100002974,58558.2661574,19.0072937,0.0791649595,0,zi,168.1059954,11.0175422
522305100002974,58893.3521065,19.5350571,0.116351478,0,zi,168.1060276,11.0175923
522305100002974,58904.3337616,19.6049805,0.121926546,0,zi,168.1060507,11.0175527
522305100002974,59199.4838542,18.8535042,0.0702896714,0,zi,168.1059939,11.0175576
522305100002974,59202.4420833,18.7400742,0.0643250719,0,zi,168.1060665,11.0176212
