oid,mjd,mag,magerr,catflags,filtercode,ra,dec
420316100000838,59189.5284259,19.2060947,0.107313193,0,zi,168.9854227,0.9764043
471304400005912,59189.5289005,19.3462563,0.123918712,0,zi,168.9856978,0.9763442
471304400005912,59199.4857292,19.1989937,0.111831501,0,zi,168.9857463,0.976453
471304400005912,59202.4602431,19.1022549,0.104291447,0,zi,168.9856181,0.976422
471304400005912,59216.4782292,19.4348087,0.13147454,0,zi,168.9856826,0.9762944
