oid,mjd,mag,magerr,catflags,filtercode,ra,dec
471304400011062,59189.5289005,18.1532555,0.0500399172,0,zi,169.5752448,1.1428543
471304400011062,59199.4857292,18.2549934,0.0542200431,0,zi,169.5752495,1.142838
471304400011062,59202.4602431,18.2562561,0.0542741083,0,zi,169.5752704,1.1428073
471304400011062,59216.4782292,18.3968086,0.0606452338,0,zi,169.5752498,1.1427907
