oid,mjd,mag,magerr,catflags,filtercode,ra,dec
471315400003853,59189.5289005,19.7040482,0.137681216,32768,zi,171.1024718,6.9157046
471315400003853,59199.4857292,19.7795639,0.143816695,0,zi,171.1023862,6.9156042
471315400003853,59202.4602431,19.5688477,0.126665965,0,zi,171.1023886,6.915667
