oid,mjd,mag,magerr,catflags,filtercode,ra,dec
420310200001948,59189.5284259,19.5911846,0.11993394,0,zi,171.3484621,-1.0983564
420310200001948,59202.4597801,19.2883453,0.0974900573,0,zi,171.3485216,-1.0983979
