oid,mjd,mag,magerr,catflags,filtercode,ra,dec
1667305400004979,58582.3037847,18.8332806,0.0624927878,0,zi,172.8670604,28.0652933
1667305400004979,58855.4161343,18.8286228,0.0622739047,0,zi,172.8670342,28.065324
1667305400004979,58859.4149537,18.8786449,0.064661026,0,zi,172.8670287,28.0653266
1667305400004979,58864.395544,18.8343124,0.0625414029,0,zi,172.8670317,28.065295
1667305400004979,58879.3961574,18.6784515,0.0555848442,0,zi,172.8668906,28.065463
1667305400004979,58884.332338,18.6926346,0.0561863221,0,zi,172.8670677,28.0653205
1667305400004979,58893.3475347,18.8489876,0.0632360801,0,zi,172.8670293,28.0653055
1667305400004979,58904.3290856,18.9025745,0.0658313334,0,zi,172.8670844,28.0653217
1667305400004979,58969.2666088,18.9940681,0.0704746619,32768,zi,172.8670413,28.0653034
