oid,mjd,mag,magerr,catflags,filtercode,ra,dec
421316100004661,59188.4849421,18.1369762,0.0494927131,0,zi,175.8060505,0.4938733
421316100004661,59202.4607176,18.0069542,0.0447136015,0,zi,175.8060752,0.4938633
421316100004661,59216.4777662,18.0749283,0.0471479893,0,zi,175.8061031,0.4938454999999999
