oid,mjd,mag,magerr,catflags,filtercode,ra,dec
421315200004368,59188.4849421,19.3772545,0.120318972,0,zi,177.1215421,0.4172064999999999
421315200004368,59202.4607176,19.2316875,0.10907387,0,zi,177.1215344,0.4171581999999999
