oid,mjd,mag,magerr,catflags,filtercode,ra,dec
422316200002070,58257.2070718,19.6154823,0.145317376,0,zi,182.2210243,0.8273405
422316200002070,59201.5266435,20.0227032,0.171771303,0,zi,182.2210191,0.8274424999999999
