oid,mjd,mag,magerr,catflags,filtercode,ra,dec
422316200004125,58257.2070718,19.2614822,0.117454834,0,zi,182.3672441,0.5865629
422316200004125,59201.5266435,19.2637043,0.117626168,0,zi,182.3671651,0.5865696999999999
422316200004125,59216.4815394,19.2670898,0.117887363,0,zi,182.3672454,0.5865424999999999
