oid,mjd,mag,magerr,catflags,filtercode,ra,dec
473304100019666,58257.2066088,19.0161629,0.0775029957,0,zi,182.5848982,2.1085506
473304100019666,59189.5298264,18.973568,0.0751944706,0,zi,182.5848974,2.1085614
473304100019666,59204.4966204,19.0040874,0.0768422633,0,zi,182.5849028,2.1085742
