oid,mjd,mag,magerr,catflags,filtercode,ra,dec
422312400000736,59201.5266435,18.2981567,0.04588525,0,zi,183.2642309,-1.7475016
422312400000736,59216.4815394,18.213068,0.0431079343,0,zi,183.2642476,-1.7474956
