oid,mjd,mag,magerr,catflags,filtercode,ra,dec
526307200004790,58232.2945833,17.6492176,0.0294555612,0,zi,192.0737158,11.0113634
526307200004790,58244.3798727,17.6831856,0.0301154982,32768,zi,192.0737357,11.0113577
526307200004790,58249.311875,17.6978912,0.0304075945,0,zi,192.0736371,11.0114948
526307200004790,58261.2568981,17.6091347,0.0287027024,0,zi,192.0736967,11.0113861
526307200004790,58266.212662,17.6173668,0.0288550854,0,zi,192.0737091,11.0114022
526307200004790,58278.1718287,17.6691799,0.0298409313,0,zi,192.0736762,11.0114243
526307200004790,58282.1875463,17.6420078,0.0293180998,0,zi,192.0737159,11.011361
526307200004790,58286.1743056,17.6559753,0.0295852348,0,zi,192.0737247,11.0113504
526307200004790,58292.1753241,17.6138172,0.0287892334,0,zi,192.0737076,11.0113753
