oid,mjd,mag,magerr,catflags,filtercode,ra,dec
423310400014809,59188.4858681,19.7648468,0.128287405,0,zi,193.7368264,-2.3030355
