oid,mjd,mag,magerr,catflags,filtercode,ra,dec
476316400006881,58286.1729051,20.0798912,0.16794619,0,zi,203.3073267,6.6283211
476316400006881,58586.2941088,20.4762878,0.180319011,0,zi,203.3074473,6.6284865
476316400006881,58600.1827083,20.1834335,0.173986524,0,zi,203.307452,6.6283732
476316400006881,58612.318125,20.2585526,0.177408695,0,zi,203.3073681,6.6284344
476316400006881,58641.255,20.061367,0.166737735,0,zi,203.3073865,6.6284253
476316400006881,58645.2675231,19.6218987,0.132743403,0,zi,203.3074283,6.6285544
476316400006881,58653.2377778,19.9525299,0.159058809,0,zi,203.3073536,6.6283214
476316400006881,59204.5428935,20.2512665,0.17711933,0,zi,203.3074053,6.6283729
