oid,mjd,mag,magerr,catflags,filtercode,ra,dec
476302200002078,58281.1842708,20.2757473,0.167186052,0,zi,206.4690349,2.2974532
476302200002078,58286.1729051,20.0893192,0.156669736,0,zi,206.4689596,2.297437
476302200002078,58547.4191551,20.4277668,0.172010437,0,zi,206.4690979,2.2973898
476302200002078,58581.2727662,20.2483635,0.165896848,0,zi,206.4690674,2.2973975
476302200002078,58600.1827083,20.1496449,0.160468429,0,zi,206.4691483,2.2973901
476302200002078,58607.2741204,20.3053322,0.168453112,0,zi,206.4691038,2.29743
476302200002078,58612.318125,20.1624489,0.161232725,0,zi,206.4690037,2.297434
476302200002078,58616.331794,20.1583061,0.160987258,0,zi,206.4690682,2.2974775
