oid,mjd,mag,magerr,catflags,filtercode,ra,dec
476306100007074,58281.1842708,20.5307045,0.183011532,0,zi,207.1017441,3.7686934
476306100007074,58607.2741204,20.3904343,0.180870429,0,zi,207.1017991,3.7686741
476306100007074,58612.318125,20.256628,0.176407933,0,zi,207.1018038,3.7686206
476306100007074,58635.163831,20.5237846,0.182581425,0,zi,207.1014695,3.7688483
476306100007074,59204.5428935,20.5388412,0.183517218,0,zi,207.1016474,3.7686229
476306100007074,59217.5168171,20.2770424,0.177325979,0,zi,207.1016584,3.7688013
