oid,mjd,mag,magerr,catflags,filtercode,ra,dec
477306300028594,58607.2521991,20.552248,0.179459929,0,zi,213.2171937,2.9817506
477306300028594,58612.3153935,20.5953465,0.182177067,0,zi,213.2171484,2.9818761
477306300028594,59217.5158796,20.5019493,0.176288843,0,zi,213.2171852,2.9818354
