oid,mjd,mag,magerr,catflags,filtercode,ra,dec
443313200004062,58333.3577431,20.2934093,0.187734962,0,zi,335.9743497,0.7014862
443313200004062,58344.315544,20.3458519,0.189064771,0,zi,335.974165,0.7016048
443313200004062,58434.2187384,19.9540157,0.167445108,0,zi,335.9742119,0.7016991999999999
443313200004062,58697.4561111,20.6831932,0.198991299,0,zi,335.9743725,0.7015740999999999
443313200004062,58715.3053241,20.0500088,0.174630314,0,zi,335.9743182,0.7015459
443313200004062,58725.3062037,20.7203693,0.201186419,0,zi,335.9742138,0.7016242999999999
443313200004062,58744.3489583,20.1224728,0.179458976,0,zi,335.9742775,0.7016915
443313200004062,58757.2614236,20.2362289,0.185562387,0,zi,335.9743056,0.7016915999999999
443313200004062,58761.3038542,20.4277344,0.189608827,0,zi,335.9742173,0.7018682
