oid,mjd,mag,magerr,catflags,filtercode,ra,dec
444315300011641,58321.3662616,20.5490189,0.175464034,0,zi,339.3047179,-0.6325127999999999
444315300011641,58351.3526736,20.5463371,0.17528379,0,zi,339.3046662,-0.6325477999999999
444315300011641,58369.3403935,20.6300602,0.180912018,0,zi,339.3048285,-0.6327462
444315300011641,58373.340081,20.546381,0.17528677,0,zi,339.3047334,-0.6326705999999999
444315300011641,58397.3108565,20.5097084,0.172821403,0,zi,339.3048299,-0.6325663999999999
444315300011641,58430.2126042,20.7220001,0.187092662,0,zi,339.3046499,-0.6324638
444315300011641,58705.4191435,20.8914948,0.198486924,0,zi,339.3047585,-0.6326420999999999
444315300011641,58757.258206,20.6891632,0.184885263,0,zi,339.3046179,-0.6327068
