oid,mjd,mag,magerr,catflags,filtercode,ra,dec
496316100006290,58337.4634491,20.501606,0.178838491,0,zi,341.6655987,7.7554961
496316100006290,58342.3778241,20.4359074,0.178434387,0,zi,341.6657071,7.7554689
496316100006290,58347.3780324,20.7634239,0.195010543,0,zi,341.6655583,7.7555183
496316100006290,58369.3399306,20.403286,0.177834213,0,zi,341.6656107,7.7554101
496316100006290,58697.4570139,20.8463631,0.200133562,0,zi,341.6654829,7.7552584
496316100006290,58705.4195949,20.9839287,0.2086308,0,zi,341.6656331,7.7552674
496316100006290,58722.3806713,20.5559349,0.182194233,0,zi,341.6655937,7.7553925
496316100006290,58757.2586574,20.7035484,0.191312194,0,zi,341.6652962,7.7556472
