oid,mjd,mag,magerr,catflags,filtercode,ra,dec
549301200014041,58701.4122801,20.5611916,0.194997668,0,zi,357.5782309,9.0999702
