oid,mjd,mag,magerr,catflags,filtercode,ra,dec
396316400013531,58347.3812384,20.3865948,0.185527757,0,zi,358.93529,-0.3267766999999999
396316400013531,58351.3368287,20.8027992,0.205707788,0,zi,358.9352589,-0.3269116
396316400013531,58369.3440394,20.3606758,0.184824362,0,zi,358.9355283,-0.3271415999999999
396316400013531,58390.2741319,20.197155,0.177383289,0,zi,358.9352447,-0.3268519999999999
396316400013531,58397.3299653,20.0801067,0.169765666,0,zi,358.9351509,-0.3269324
