oid,mjd,mag,magerr,catflags,filtercode,ra,dec
350316300002832,58423.2534838,19.6777763,0.154536396,0,zi,37.0286848,-7.421823599999998
350316300002832,58746.3720718,19.2050152,0.115253136,0,zi,37.028678,-7.421919199999999
350316300002832,58761.326713,19.8309212,0.166673213,0,zi,37.0286075,-7.421857799999999
350316300002832,58765.3263194,19.6078911,0.148715258,0,zi,37.0286921,-7.4217928
350316300002832,59184.3148727,19.5110092,0.140536353,0,zi,37.0286767,-7.4217604
350316300002832,59203.2535185,19.774168,0.162312865,0,zi,37.02856,-7.4215174
