oid,mjd,mag,magerr,catflags,filtercode,ra,dec
402306400006585,59182.2901042,18.5075207,0.0614357702,0,zi,44.9292722,-4.3556742
402306400006585,59184.3297338,18.5363541,0.0628650934,0,zi,44.9293024,-4.3557164
402306400006585,59187.2697454,18.5274448,0.0624198802,0,zi,44.9292984,-4.3556923
402306400006585,59190.2572106,18.5727806,0.064718388,32768,zi,44.9292307,-4.3556845
402306400006585,59200.2830671,18.6380215,0.0681726187,0,zi,44.9292363,-4.3556973
402306400006585,59203.253044,18.4482346,0.0585994758,0,zi,44.9292118,-4.3556216
402306400006585,59211.1896065,18.5896015,0.0655922741,0,zi,44.9293033,-4.3556782
