oid,mjd,mag,magerr,catflags,filtercode,ra,dec
402314400000974,59211.1896065,20.0271549,0.163581103,0,zi,45.4258012,0.1152238
