oid,mjd,mag,magerr,catflags,filtercode,ra,dec
663307200010508,58561.1245139,17.7425995,0.0289482605,0,zi,116.4972417,33.2261943
663307200010508,59182.3497338,18.3102722,0.0423108898,0,zi,116.4972105,33.2261582
663307200010508,59184.4169213,18.3780193,0.0443728305,0,zi,116.4971955,33.2261649
663307200010508,59188.4659838,18.3121681,0.0423670448,0,zi,116.4971882,33.2261988
663307200010508,59199.4701852,18.3379593,0.0431398265,0,zi,116.4972972,33.2261369
663307200010508,59202.4575579,18.2328835,0.0400913842,0,zi,116.4971987,33.2261531
663307200010508,59205.3435069,18.3101578,0.0423074998,0,zi,116.4972242,33.2261627
