oid,mjd,mag,magerr,catflags,filtercode,ra,dec
708315200017245,59188.4674074,20.1193237,0.160953104,0,zi,121.6410571,44.1795726
708315200017245,59216.4676736,20.0558147,0.156654716,0,zi,121.6410157,44.1799483
748302400005181,59190.387338,20.510334,0.176616311,0,zi,121.6408996,44.1796187
748302400005181,59205.3458449,20.3277054,0.168607324,32768,zi,121.6410171,44.1796413
