oid,mjd,mag,magerr,catflags,filtercode,ra,dec
664304400001110,59177.444838,19.6118813,0.113396347,0,zi,122.9763829,30.2945596
664304400001110,59184.4019097,20.0307484,0.145959869,0,zi,122.9765375,30.2945478
664304400001110,59190.389213,19.8711147,0.133398503,0,zi,122.9763796,30.2945771
664304400001110,59199.4697222,19.6431351,0.115736492,0,zi,122.976354,30.2945087
664304400001110,59202.4272917,19.5268402,0.1071648,0,zi,122.9764111,30.2945545
664304400001110,59205.3439699,19.8555317,0.132169589,0,zi,122.9764502,30.2945562
