oid,mjd,mag,magerr,catflags,filtercode,ra,dec
784303100012475,58915.2686921,19.1290913,0.085307084,0,zi,124.8728152,52.3959651
784303100012475,59140.4979861,19.1947594,0.0895116925,0,zi,124.8728385,52.3959558
784303100012475,59184.4096528,19.3342514,0.0989565253,0,zi,124.8728501,52.3959043
784303100012475,59187.3226389,19.2274513,0.0916634798,0,zi,124.872872,52.395883
784303100012475,59190.3983912,19.3990402,0.103568569,0,zi,124.8728387,52.3959517
784303100012475,59199.4735417,19.2032757,0.0900685191,0,zi,124.8728002,52.3959616
784303100012475,59202.4258796,19.4852104,0.109903917,0,zi,124.8728611,52.3959008
784303100012475,59205.4067477,19.2605495,0.0938810259,0,zi,124.8728199,52.3959419
