oid,mjd,mag,magerr,catflags,filtercode,ra,dec
784310400001737,58915.2686921,19.2951374,0.0919831619,0,zi,128.5719861,55.7019745
784310400001737,59140.4979861,19.5336571,0.109200791,0,zi,128.5720429,55.7019353
784310400001737,59184.4096528,19.7326069,0.125094369,0,zi,128.5719912,55.7019699
784310400001737,59187.3226389,19.5819988,0.112947024,0,zi,128.5721095,55.7019799
784310400001737,59190.3983912,19.8643303,0.136181131,0,zi,128.5722085,55.7019626
784310400001737,59199.4735417,19.4067936,0.0997710973,0,zi,128.5721658,55.7019443
784310400001737,59202.4258796,19.3202305,0.0936903879,0,zi,128.5719727,55.7019361
784310400001737,59205.4067477,19.3370647,0.0948498324,0,zi,128.5719777,55.7019512
