oid,mjd,mag,magerr,catflags,filtercode,ra,dec
784305200017598,58915.2686921,19.4093704,0.0993246511,0,zi,130.2849036,54.1410429
784305200017598,59140.4979861,19.4961128,0.105621032,0,zi,130.2849585,54.1410308
784305200017598,59184.4096528,19.3872433,0.0977629498,0,zi,130.284964,54.1410302
784305200017598,59187.3226389,19.4069214,0.0991509259,0,zi,130.2848585,54.1409636
784305200017598,59190.3983912,19.238493,0.0877508968,0,zi,130.2849206,54.1410543
784305200017598,59199.4735417,19.2897987,0.0911072567,0,zi,130.285069,54.1410719
784305200017598,59202.4258796,19.2367687,0.0876398385,0,zi,130.2849774,54.1410507
784305200017598,59205.4067477,19.4776535,0.104258329,0,zi,130.2849627,54.1410432
784305200017598,59215.3849537,19.1739044,0.083672218,0,zi,130.2855136,54.1410845
