oid,mjd,mag,magerr,catflags,filtercode,ra,dec
784305400012553,58915.2686921,19.2718048,0.0991016179,0,zi,130.6076944,53.3763783
784305400012553,59140.4979861,19.2820663,0.0998262763,0,zi,130.6076428,53.3764318
784305400012553,59184.4096528,19.1844826,0.0930931717,0,zi,130.6077396,53.3764551
784305400012553,59187.3226389,19.1175442,0.0886828676,0,zi,130.6075367,53.3765083
784305400012553,59190.3983912,19.2646141,0.0985961184,0,zi,130.6075516,53.3764644
784305400012553,59199.4735417,19.031498,0.0832672268,0,zi,130.6077081,53.3764181
784305400012553,59202.4258796,19.0410461,0.0838539973,0,zi,130.6076908,53.3764727
784305400012553,59205.4067477,19.3451252,0.104362682,0,zi,130.6077411,53.3764456
