oid,mjd,mag,magerr,catflags,filtercode,ra,dec
709315100009204,59202.4268287,20.2765846,0.173807368,0,zi,131.1545979,43.5973056
