oid,mjd,mag,magerr,catflags,filtercode,ra,dec
665315400004738,59184.4081944,19.6865616,0.128853172,0,zi,132.4929319,35.5652214
665315400004738,59190.3978009,19.6350861,0.124781251,0,zi,132.493042,35.5650705
665315400004738,59199.4692477,19.6146774,0.123173356,0,zi,132.493035,35.5652033
665315400004738,59202.4464005,19.7184086,0.131378695,0,zi,132.4930795,35.5653358
665315400004738,59205.3444444,19.6118889,0.122954041,0,zi,132.4929921,35.565165
665315400004738,59217.3004398,18.8472939,0.0709386766,32768,zi,132.4928748,35.5650252
