oid,mjd,mag,magerr,catflags,filtercode,ra,dec
518312100002847,59166.5166088,18.6088696,0.05357996,0,zi,133.2305079,13.0735435
518312100002847,59175.4092824,17.7941666,0.0294397566,32768,zi,133.2302264,13.0734283
518312100002847,59179.3983333,18.6726265,0.0562174246,0,zi,133.230491,13.0734691
518312100002847,59190.3777778,18.6760426,0.0563622825,0,zi,133.2305353,13.0735192
518312100002847,59199.4635185,18.6150665,0.0538308322,0,zi,133.2305295,13.0735381
518312100002847,59202.4288194,18.5887127,0.0527721867,0,zi,133.230532,13.0735742
518312100002847,59210.4433218,19.031765,0.0735448077,32768,zi,133.230415,13.0736083
518312100002847,59217.3027894,18.5230789,0.0502264164,0,zi,133.230502,13.0735156
