oid,mjd,mag,magerr,catflags,filtercode,ra,dec
665305300009117,59184.4081944,18.7650585,0.0607341416,0,zi,135.9372247,31.613837
665305300009117,59190.3978009,19.1171227,0.0789734647,0,zi,135.9372339,31.6137169
665305300009117,59199.4692477,18.8369713,0.0641049221,0,zi,135.9371956,31.6138425
665305300009117,59202.4464005,18.7625217,0.0606184527,0,zi,135.9372605,31.6138637
665305300009117,59205.3444444,18.7922611,0.0619884431,0,zi,135.9372224,31.6138291
