oid,mjd,mag,magerr,catflags,filtercode,ra,dec
785311100006057,58257.201331,20.2291183,0.157962561,0,zi,136.1799991,56.1831032
785311100006057,58261.1914236,19.8649864,0.13029924,0,zi,136.1796165,56.1833691
785311100006057,58915.2613079,19.9586868,0.137667939,0,zi,136.1796379,56.183302
785311100006057,59184.4101389,19.7559052,0.121778041,0,zi,136.1795806,56.1831886
785311100006057,59190.3820023,19.6963844,0.117201515,0,zi,136.1795296,56.1833797
785311100006057,59199.4454861,20.1068954,0.149113357,0,zi,136.1795354,56.183246
785311100006057,59202.4536806,20.2021866,0.156083733,0,zi,136.1795084,56.1832925
785311100006057,59205.4062616,20.1188698,0.150012121,0,zi,136.1794472,56.1833215
