oid,mjd,mag,magerr,catflags,filtercode,ra,dec
416312200028897,59189.5236574,19.6342049,0.128600374,0,zi,139.0263848,-1.3355525
416312200028897,59204.4830671,19.8641739,0.145694911,0,zi,139.0263932,-1.3355622
