oid,mjd,mag,magerr,catflags,filtercode,ra,dec
416312200011369,59189.5236574,19.8972054,0.148021966,0,zi,139.3792135,-1.1340971
416312200011369,59204.4830671,20.4011745,0.168782547,0,zi,139.3792749,-1.1339485
