oid,mjd,mag,magerr,catflags,filtercode,ra,dec
785313200002601,58261.1650463,19.7059898,0.152616233,0,zi,140.3897778,58.3246316
785313200002601,58261.1914236,19.6053295,0.143828526,0,zi,140.3901585,58.324542
785313200002601,58912.3122222,19.8270531,0.162916452,0,zi,140.3902513,58.324599
785313200002601,59184.4101389,20.05616,0.180025607,0,zi,140.3900431,58.3246791
785313200002601,59190.3820023,20.0431061,0.179188699,0,zi,140.3900275,58.3246172
785313200002601,59199.4454861,19.7348042,0.155106515,0,zi,140.3903564,58.3245917
785313200002601,59205.4062616,19.7235775,0.154138282,0,zi,140.3902664,58.3246391
