oid,mjd,mag,magerr,catflags,filtercode,ra,dec
710302400000828,59164.492963,20.3120689,0.173322827,0,zi,142.1017272,37.5191358
710302400000828,59184.4086574,20.3436928,0.174580947,0,zi,142.1016906,37.5190706
710302400000828,59202.4474537,20.0468063,0.157544583,0,zi,142.1014899,37.5191796
