oid,mjd,mag,magerr,catflags,filtercode,ra,dec
1663313100000922,58543.3310417,18.6994762,0.050999999,0,zi,142.8745696,33.2636569
1663313100000922,58864.3739236,18.5972061,0.0909999982,0,zi,142.8745863,33.2637068
1663313100000922,59164.4974421,18.395649,0.050999999,0,zi,142.8745633,33.2636757
1663313100000922,59166.5203588,18.4568138,0.0579999983,0,zi,142.8745904,33.2636839
1663313100000922,59181.435625,18.5449677,0.120999999,0,zi,142.8745817,33.2637178
