oid,mjd,mag,magerr,catflags,filtercode,ra,dec
816306100000864,58261.1845833,19.9589272,0.153818741,0,zi,142.9529426,61.9421804
816306100000864,59202.4532176,20.0414848,0.160456806,0,zi,142.9532978,61.94225
816306100000864,59205.3506366,19.7627602,0.137377456,32768,zi,142.9534345,61.9420729
