oid,mjd,mag,magerr,catflags,filtercode,ra,dec
467303100003869,59184.3862269,16.8978462,0.018453246,0,zi,143.8258274,2.0710022
467303100003869,59200.4834259,16.9038811,0.0185145643,32768,zi,143.8258365,2.0710426
467303100003869,59204.4886921,16.8770943,0.0182451811,0,zi,143.8258153,2.0710011
467303100003869,59215.3953588,16.9438667,0.0189303812,0,zi,143.8258189,2.071028
