oid,mjd,mag,magerr,catflags,filtercode,ra,dec
786311100011288,58257.174537,20.2122078,0.158349484,0,zi,146.1594801,56.3830619
786311100011288,58257.1779051,19.9059658,0.136105284,0,zi,146.1597073,56.3829791
786311100011288,58261.1979398,19.9234905,0.137455776,0,zi,146.1599412,56.3828192
786311100011288,58912.3081481,20.2252216,0.159180045,0,zi,146.1597407,56.3830087
786311100011288,59184.4110764,20.3517132,0.166352272,0,zi,146.1593582,56.3829959
786311100011288,59187.3192477,19.6622925,0.117351577,0,zi,146.1596261,56.3829134
786311100011288,59203.267662,19.8646393,0.132910326,0,zi,146.1593731,56.3832672
