oid,mjd,mag,magerr,catflags,filtercode,ra,dec
786311400008747,58257.174537,19.3750248,0.0972944498,0,zi,146.2920861,55.7737715
786311400008747,58261.1841204,19.8392944,0.131458327,0,zi,146.291807,55.7738814
786311400008747,58261.1979398,19.6340065,0.11591287,0,zi,146.2918324,55.7738053
786311400008747,58912.3081481,19.7113438,0.121736489,0,zi,146.2918616,55.773825
786311400008747,59184.4110764,19.6225681,0.115058668,0,zi,146.2918155,55.7738169
786311400008747,59187.3192477,19.4523411,0.102671288,0,zi,146.2917959,55.7739203
786311400008747,59190.3829398,19.7084808,0.12151967,0,zi,146.2916696,55.7738453
786311400008747,59206.4666898,19.6106091,0.114168048,32768,zi,146.2915251,55.7738428
