oid,mjd,mag,magerr,catflags,filtercode,ra,dec
520312300000276,58257.1845023,18.8911133,0.0681155846,0,zi,146.9475629,12.6375444
520312300000276,58558.2616204,18.8212738,0.0646352097,0,zi,146.9475604,12.6375212
520312300000276,59179.4002083,19.0185337,0.0749065727,0,zi,146.9475816,12.6376088
520312300000276,59186.415,18.5662613,0.0533197373,0,zi,146.9478287,12.6377121
520312300000276,59200.484375,19.0986729,0.0794733092,32768,zi,146.947603,12.6372895
520312300000276,59204.4891667,18.8984489,0.0684909672,0,zi,146.9475711,12.6374804
520312300000276,59210.4409606,18.7912045,0.0631885454,0,zi,146.9475868,12.6375086
