oid,mjd,mag,magerr,catflags,filtercode,ra,dec
711307400004569,58223.2368981,20.5548649,0.190793157,0,zi,148.2046483,38.7746687
711307400004569,58585.2456597,20.1243229,0.15813154,0,zi,148.2045052,38.7746348
711307400004569,58607.2597106,20.5186443,0.187907696,0,zi,148.2043907,38.7745257
711307400004569,59189.5350579,20.2466068,0.168399274,0,zi,148.2046848,38.7746004
711307400004569,59215.3930093,19.198513,0.0852852017,0,zi,148.2045039,38.7747105
