oid,mjd,mag,magerr,catflags,filtercode,ra,dec
786302100005453,58257.174537,19.9668865,0.144176245,0,zi,149.2050313,52.3401467
786302100005453,58257.1779051,19.7290726,0.125902295,0,zi,149.2052157,52.3402585
786302100005453,58261.1841204,19.67416,0.12167196,0,zi,149.205225,52.3400832
786302100005453,58261.1979398,19.944252,0.142473489,0,zi,149.2050778,52.3400683
786302100005453,58912.3081481,19.8581333,0.135890484,0,zi,149.2052099,52.3401338
786302100005453,59184.4110764,19.6321526,0.118460886,0,zi,149.2053483,52.3400845
786302100005453,59190.3829398,19.8504105,0.135294557,0,zi,149.2051997,52.3400879
786302100005453,59200.4926273,19.7203255,0.125226513,32768,zi,149.2052749,52.340086
786302100005453,59203.267662,19.4487743,0.104859568,0,zi,149.2051131,52.3402104
