oid,mjd,mag,magerr,catflags,filtercode,ra,dec
520306300016675,59204.4891667,20.7210941,0.192156792,0,zi,150.5514245,10.0650446
