oid,mjd,mag,magerr,catflags,filtercode,ra,dec
468302100000775,58257.1849537,19.7166576,0.131723017,0,zi,152.4189689,2.4621189
468302100000775,59204.4896296,19.6186924,0.124171898,0,zi,152.4191077,2.4622266
