oid,mjd,mag,magerr,catflags,filtercode,ra,dec
787315300023713,58261.1665741,20.4426174,0.187651604,0,zi,156.0996193,57.4015165
787315300023713,58547.4322454,20.3726273,0.186908618,0,zi,156.099285,57.4014906
787315300023713,58567.3499884,20.0638962,0.171497136,0,zi,156.0994638,57.4016171
787315300023713,58912.306331,20.4688568,0.187548682,0,zi,156.0995681,57.4013724
787315300023713,59189.5345833,20.3578224,0.186580673,0,zi,156.0994266,57.4014774
