oid,mjd,mag,magerr,catflags,filtercode,ra,dec
752310400000015,58232.2998727,20.1984406,0.180648774,0,zi,158.6707632,48.7039287
752310400000015,58257.1750116,20.1005497,0.174306959,0,zi,158.6708459,48.7038121
752310400000015,58261.267662,20.4573746,0.18944861,0,zi,158.6704986,48.7040521
752310400000015,58585.2437847,20.4303226,0.189284548,0,zi,158.6704629,48.7040934
