oid,mjd,mag,magerr,catflags,filtercode,ra,dec
469306300000982,58257.1854167,18.9528751,0.072548449,0,zi,158.5946484,3.4764853
469306300000982,59199.4819792,18.8655281,0.0679684281,0,zi,158.5946769,3.4764203
469306300000982,59202.4416204,18.9862213,0.0743693188,0,zi,158.5948081,3.4763623
