oid,mjd,mag,magerr,catflags,filtercode,ra,dec
419308100002167,58257.1882292,19.5227814,0.108476274,0,zi,161.6041848,-2.9651427
419308100002167,59189.527963,19.8007946,0.129504442,0,zi,161.6043607,-2.9652616
419308100002167,59199.4847917,19.6293068,0.116368972,0,zi,161.6042375,-2.96521
419308100002167,59202.473669,19.5257187,0.108690143,0,zi,161.6042151,-2.9651952
419308100002167,59216.4791667,19.4931202,0.106329739,0,zi,161.6044451,-2.9653521
