oid,mjd,mag,magerr,catflags,filtercode,ra,dec
818303200017393,58247.1665162,20.750227,0.20220232,0,zi,164.661648,59.3239341
818303200017393,58257.1979861,20.1405716,0.170053899,0,zi,164.66198,59.3238148
818303200017393,58266.2229861,20.4036674,0.183939412,0,zi,164.6617869,59.3237891
818303200017393,58283.1765972,20.5625668,0.189726472,0,zi,164.6619457,59.3239673
818303200017393,58547.4295023,20.7423134,0.20167625,0,zi,164.661768,59.3240383
818303200017393,58581.2867245,20.6133919,0.193105459,0,zi,164.661983,59.3238509
818303200017393,58607.2638657,20.4023323,0.183899313,0,zi,164.6621455,59.3239347
