oid,mjd,mag,magerr,catflags,filtercode,ra,dec
573313300003243,58558.2679745,19.2378387,0.102287784,0,zi,168.3333271,21.3784582
573313300003243,58582.302419,19.1465607,0.0957768783,32768,zi,168.3333018,21.3784327
573313300003243,58855.4147685,19.2894592,0.106093757,0,zi,168.3333699,21.3784752
573313300003243,58893.3502894,19.3985538,0.114400297,0,zi,168.3333719,21.37845
573313300003243,58904.3324074,19.4075146,0.115096681,0,zi,168.3334015,21.3784505
573313300003243,59199.4871412,19.0276737,0.0877477974,0,zi,168.3333733,21.3785043
