oid,mjd,mag,magerr,catflags,filtercode,ra,dec
1667310400000766,58557.3545949,19.8645287,0.119578183,0,zi,170.4922668,30.5994672
1667310400000766,58582.3037847,19.8771477,0.120353557,0,zi,170.4922237,30.5994937
1667310400000766,58855.4161343,19.8883438,0.121037707,0,zi,170.4921718,30.5995149
1667310400000766,58864.395544,19.9093456,0.122310519,0,zi,170.4922824,30.5995191
1667310400000766,58879.3961574,19.9113922,0.122433774,0,zi,170.4921888,30.5994219
1667310400000766,58893.3475347,20.0780087,0.131796166,0,zi,170.492246,30.5995179
1667310400000766,58904.3290856,19.843338,0.118266836,0,zi,170.4921551,30.5995161
