oid,mjd,mag,magerr,catflags,filtercode,ra,dec
471303300003475,59189.5289005,19.0540524,0.0903048292,0,zi,170.6384156,1.3224934
471303300003475,59199.4857292,19.1566944,0.0970833451,0,zi,170.6385826,1.3225543
471303300003475,59202.4602431,19.0417633,0.0895189345,0,zi,170.6384134,1.322444
471303300003475,59216.4782292,19.0809784,0.0920460671,0,zi,170.6384077,1.3224376
