oid,mjd,mag,magerr,catflags,filtercode,ra,dec
420314200013374,59189.5284259,18.0993462,0.0470185168,0,zi,171.6930342,0.9148859
420314200013374,59199.4852546,17.977457,0.042819418,0,zi,171.6930153,0.9148685
420314200013374,59202.4597801,18.1312828,0.0481907912,0,zi,171.6930004,0.9148579
