oid,mjd,mag,magerr,catflags,filtercode,ra,dec
422315100001397,58257.2070718,19.9670753,0.160631031,0,zi,184.9135578,0.9166902
422315100001397,59188.4854051,19.2463894,0.108236313,0,zi,184.9135875,0.9166535
422315100001397,59216.4815394,19.6074619,0.13543193,0,zi,184.9137049,0.9166988
