oid,mjd,mag,magerr,catflags,filtercode,ra,dec
473305300007754,58257.2052083,18.274231,0.0431354679,0,zi,187.614164,3.1076566
473305300007754,58257.2066088,18.255127,0.042560786,0,zi,187.614184,3.1076677
473305300007754,58966.3125926,18.7172318,0.059221603,32768,zi,187.6141803,3.1076923
473305300007754,59189.5298264,18.7435703,0.060359329,32768,zi,187.6142078,3.1076505
473305300007754,59204.4966204,18.4925289,0.0503719188,0,zi,187.6141911,3.1076699
473305300007754,59216.4982639,18.4336834,0.0482957661,0,zi,187.6141988,3.1077216
