oid,mjd,mag,magerr,catflags,filtercode,ra,dec
423305100009393,59216.4820139,18.7790966,0.0708736032,0,zi,195.5647223,-2.7550905
