oid,mjd,mag,magerr,catflags,filtercode,ra,dec
531314400013785,58232.3351968,20.1440182,0.17275393,0,zi,230.0354273,14.1543324
531314400013785,58261.2727778,20.3842392,0.188029781,0,zi,230.0351459,14.1544118
531314400013785,58278.1855324,20.4481087,0.190580428,0,zi,230.0353253,14.1543257
531314400013785,58286.1915972,20.0965214,0.169040799,0,zi,230.0352005,14.1543628
531314400013785,58547.4573611,20.2462997,0.180117488,0,zi,230.0352028,14.1544003
531314400013785,58627.4382755,20.0639954,0.16641748,0,zi,230.0352399,14.154337
